"Titel","Admin Account"
"Andreas Enk","Enk, Andreas"
"Nils Kilian","Felten, Nils Kilian"
"Benjamin Gerstmayr","Gerstmayr, Benjamin"
"Theresa McIntyre","McIntyre, Theresa"
"Assad Schammsedin","Schammsedin, Assad"
"Ali Bobaki","Bobaki, Ali"
"Lisa Marie Nies","Nies, Lisa Marie"
"Veronika Dabek","Dabek, Veronika"
"Eike Brenneisen","Brenneisen, Eike"
"Kiyan Jolibagu","Jolibagu, Kiyan"
"Franziska Bauer","Bauer, Franziska"
"Sonja Schlosser","Schlosser, Sonja"
"Thomas Bobenstetter","Bobenstetter, Thomas"
"Ebru Genctuerk","Genctuerk, Ebru"
"Alexander Heist","Heist, Alexander"
"Robin Baude","Baude, Robin"
"Claudia Bergner","Bergner, Claudia"
"Gabriel Jendritzky","Jendritzky, Gabriel"
"Suela Mara","Mara, Suela"
"Eva Wienkamp","Wienkamp, Eva"
"Laura Hohlbein","Hohlbein, Laura"
"Eva Wienkamp","Wienkamp, Eva"
"Louisa Roesler","Roesler, Louisa"
"Derya Oezdemir","Oezdemir, Derya"
"Oezge Agac","Agac, Oezge"
"Vivien Schulz","Schulz, Vivien"
"Petra Maerzluft","Maerzluft, Petra"
"Eva Schwartz","Schwartz, Eva"
"Aswin Mahadevan","Mahadevan, Aswin"
"Aditya Kadam","Kadam, Aditya"
"Katharina Kallenbach","Kallenbach, Katharina"
"Melina Kessel","Kessel, Melina"
"Sophia Kamper","Kamper, Sophia"
"Kiran Jot","Karir, Kiran Jot"
"Kaja Zydolowicz","Zydolowicz, Kaja"
"Angele Wagner","Wagner, Angele"
"Marion Schwarz","Schwarz, Marion"
"Antonia Mehr","Mehr, Antonia"
"Claudia Zander","Zander, Claudia"
"Almut Schumacher","Schumacher, Almut"
"Felicitas Junginger","Junginger, Felicitas Michelle Karin"
"Celina Nouris","Nouris, Celina Zoe"
"Noa Hoerster","Hoerster, Noa Marie"
"Anne Schmoll","Schmoll, Anne Charlotte"
"Chantale Tabellion","Tabellion, Chantale"
"Cissy Junginger","Junginger, Cissy"
"Carina Holz","Holz, Carina"
"Giovanna Pagano","Pagano, Giovanna"
"Bianca Witsch","Witsch, Bianca Natalie"
"Cynthia Rafaliarison","Rafaliarison, Malalatiana Cynthia"
"Timo Rauth","Rauth, Timo"
"Eren Arda","Arda, Eren"
"Elena Melzer","Melzer, Elena"
"Alex Lupp","Lupp, Alexandra"
"Chrissy Koester","Koester, Eva Christine"
"Maria Gomez Feigenbutz","Gomez Feigenbutz, Maria Consuelo"
"Beata Meszarosne Szabo","Meszarosne Szabo, Beata"
"Joana Tabellion","Tabellion, Joana"
"Kristina Kovacic","Kovacic, Kristina"
"Patricia Stanic","Stanic, Patricia"
"Beate Becker-Fofana","Becker-Fofana, Beate"
"Julia Schwendel","Schwendel, Julia"
"Sylvia Rogalla","Rogalla, Sylvia"
"Anna-Sophie Kopf","Kopf, Anna-Sophie"
"Vivien Schulz","Schulz, Vivien"
"Maria Brune","Brune, Maria"
"Cissy Junginger","Junginger, Cissy"
"Chantale Tabellion","Tabellion, Chantale"
"Anne Schmoll","Schmoll, Anne Charlotte"
"Noa Hoerster","Hoerster, Noa Marie"
"Celina Nouris","Nouris, Celina Zoe"
"Felicitas Junginger","Junginger, Felicitas Michelle Karin"
"Almut Schumacher","Schumacher, Almut"
"Claudia Zander","Zander, Claudia"
"Antonia Mehr","Mehr, Antonia"
"Marion Schwarz","Schwarz, Marion"
"Angele Wagner","Wagner, Angele"
"Kaya Zydolowicz","Zydolowicz, Kaja"
"Kiran Jot","Karir, Kiran Jot"
"Sophia Kamper","Kamper, Sophia"
"Nadine Schaffland","Schaffland, Nadine"
"Isabelle Schlegel","Schlegel, Isabelle Karoline"
