"Titel","Status","Teilnehmerliste URL","Event image","Current parcipients","Max. parcipients","Wait list","Outlook EventID","T-Shirtgrößen","Event end time","ID","Last Deregister Event Time","Organzier","Erstellt von","Max Fun-runner","Current Fun-Runner","Max Durchstarter","Inhaltstyp","Standort","Standort Filter","Last Register Date Time","Startblock","T Shirt Größe visible","Allergien visible","Essenswünsche (Vegetarisch/Vegan)","Audience","Frage Freitextfeld 1","Frage Freitextfeld 2","Dropdownfeld 1","Frage Dropdownfeld 1","Info Freitextfeld 1","Info Freitextfeld 2","Audience Mail","Location Hotel","Frage Dropdownfeld 2","Info Dropdownfeld 2","Dropdownfeld 2","Event description"
"B2Run Düsseldorf 20.05.2025","Out dated","https://deudeloitte.sharepoint.com/sites/DOL-c-DE-B2Run/B2Run Düsseldorf 20.05.2025","Reserved_ImageAttachment_[17]_[Event_x0020_image][32]_[a54278bcc1a748f183d3cb1fd0f01305][1]_[1].png","409","350","0",,"[""XS"",""S"",""M"",""L"",""XL"",""XXL"",""3XL""]","5/20/2025 20:00","159","4/25/2025 00:00","Nies, Lisa Marie;Dabek, Veronika","Dabek, Veronika","320","488","30","B2Run Event","Düsseldorf","DE - Duesseldorf",,"[""18:30""]","False","False",,,,,,,,,,,,,,"B2Run Düsseldorf 20.05.2025 | Start 18:00 Uhr Durchstarter | Start 18:30 Uhr Funstarter"
"J.P. Morgan Frankfurt","Out dated","https://deudeloitte.sharepoint.com/sites/DOL-c-DE-B2Run/J.P. Morgan Frankfurt","Reserved_ImageAttachment_[17]_[Event_x0020_image][32]_[7ced8fc4f02147908df68fe313444d62][1]_[1].png","301","313",,"040000008200E00074C5B7101A82E00800000000E3FDEAB93AB8DB010000000000000000100000004672C727853EA24295DED18C01F13BB3",,"6/4/2025 22:00","275","6/4/2025 23:00","Genctuerk, Ebru","Felten, Nils Kilian",,,,"JP Morgan Run","Frankfurt","DE - Frankfurt","6/4/2025 23:00",,"False","False",,,,,,,,,,,,,,"J.P. Morgan Challenge Frankfurt"
"Frühlingsfest Cologne 2025","Out dated","https://deudeloitte.sharepoint.com/sites/DOL-c-DE-B2Run/Frühlingsfest Cologne 2025","Reserved_ImageAttachment_[17]_[Event_x0020_image][32]_[ce730b37a52a40bd873f89313b774f4f][1]_[1].jpeg","285","10,000","0","040000008200E00074C5B7101A82E008000000008CAA6A3DC3B9DB0100000000000000001000000026CBFB356E5F19489F1162387B35A99D",,"6/14/2025 02:00","283","6/13/2025 18:00","Bauer, Franziska;Jolibagu, Kiyan","Bauer, Franziska",,"0",,"Other Deloitte Event","Köln","DE - Koeln","6/6/2025 18:00",,"False","True",,,,,,,,,,,,,,"Registration Frühlingsfest 13.06.2025"
"B2Run Munich","Out dated","https://deudeloitte.sharepoint.com/sites/DOL-c-DE-B2Run/B2Run Munich","Reserved_ImageAttachment_[17]_[Event_x0020_image][32]_[7a2c922aeb984e0b820294d0961300ca][1]_[1].jpeg","281","140","0","040000008200E00074C5B7101A82E00800000000771ED24FCAC0DB010000000000000000100000000AA6CE7FF07CB64190A83EC3310386EC","[""S (Female)"",""M (Female)"",""L (Female)"",""S (Male)"",""M (Male)"",""L (Male)"",""T-Shirt available from previous run""]","7/16/2025 20:00","295","7/14/2025 23:59","Schlosser, Sonja;Bobenstetter, Thomas","Schlosser, Sonja","128","327","12","B2Run Event","München","DE - Muenchen","7/16/2025 10:00","[""17:00 (Durchstarter)"",""18:40""]","True","False",,,,,,,,,,,,,,"B2Run Munich | 16.07.2025 | Funstarter: 18:40Uhr | Durchstarter 17:00Uhr"
"B2Run Nürnberg am 22.07.2025","Out dated","https://deudeloitte.sharepoint.com/sites/DOL-c-DE-B2Run/B2Run Nürnberg am 22.07.2025","Reserved_ImageAttachment_[17]_[Event_x0020_image][32]_[14d02ab838514576b3dc0ab18643769d][1]_[1].png","20","18","0","040000008200E00074C5B7101A82E008000000008205D15B02C4DB01000000000000000010000000EBED51059F9A6D4183EB8D86E594AFB4","[""S (Female)"",""M (Female)"",""L (Female)"",""XL (Female)"",""M (Male)"",""L (Male)"",""XL (Male)"",""XXL (Male)""]","7/22/2025 22:00","298","7/11/2025 23:59","Baude, Robin;Bergner, Claudia","Baude, Robin","18","29","0","B2Run Event","Nürnberg","DE - Nuernberg","6/30/2025 23:59","[""19:30""]","True","False",,,,,,,,,,,,,,"B2Run Firmenlauf am Dutzendteich am 22.07.2025"
"B2Run Hamburg","Out dated","https://deudeloitte.sharepoint.com/sites/DOL-c-DE-B2Run/B2Run Hamburg","Reserved_ImageAttachment_[17]_[Event_x0020_image][32]_[d2f25b128e524e8b89dc340f677de572][1]_[1].jpeg","129","150","0","040000008200E00074C5B7101A82E0080000000099BF74F059DCDB010000000000000000100000003B481E30C45027499D1C54158ABC6F63","[""XS (Unisex)"",""S (Unisex)"",""M (Unisex)"",""L (Unisex)"",""XL (Unisex)"",""T-Shirt available from previous run"",""XXL (Unisex)""]","9/16/2025 20:00","313","8/26/2025 00:00","Jendritzky, Gabriel","Jendritzky, Gabriel","150","171","0","B2Run Event","Hamburg","DE - Hamburg","8/26/2025 00:00","[""17:00""]","True","False",,,,,,,,,,,,,,"B2Run Hamburg"
"B2Run Köln","Out dated","https://deudeloitte.sharepoint.com/sites/DOL-c-DE-B2Run/B2Run Köln","Reserved_ImageAttachment_[17]_[Event_x0020_image][32]_[3984e6e51f994e469289b48195399569][1]_[1].png","93","100","0","040000008200E00074C5B7101A82E0080000000074132EB92FF0DB01000000000000000010000000698C8806F61CB745AF765E44FACB3E1F","[""XS (Female)"",""S (Female)"",""M (Female)"",""L (Female)"",""XL (Female)"",""XXL (Female)"",""3XL (Female)"",""XS (Male)"",""S (Male)"",""M (Male)"",""L (Male)"",""XL (Male)"",""XXL (Male)"",""3XL (Male)""]","9/3/2025 22:00","314","8/10/2025 16:00","Felten, Nils Kilian;Brenneisen, Eike","Brenneisen, Eike","80","136","20","B2Run Event","Köln","DE - Koeln","9/3/2025 16:00","[""17:00""]","True","False",,,,,,,,,,,,,,"B2Run Köln (6.0 km)"
"OPS Event 2025","Out dated","https://deudeloitte.sharepoint.com/sites/DOL-c-DE-B2Run/OPS Event 2025","Reserved_ImageAttachment_[17]_[Event_x0020_image][32]_[4c09ba008313493e9a9298cc58c1e499][1]_[1].png","116","10,000","0","040000008200E00074C5B7101A82E0080000000073F5BC92630BDC0100000000000000001000000068B03AB59A9F1B4588556EBAEAF9C3E4",,"10/24/2025 17:00","361","9/11/2025 12:00","Fidan, Gurbet;Roesler, Louisa;Pianese, Sarah;Meyer, Finn;Moeller, Michel;Hohlbein, Laura;Bruening, Maximilian;Thomas, Kieron;Buchen, Jannik;Boehm, Tassilo Constantin","Hohlbein, Laura",,"0",,"Other Deloitte Event","Berlin","ALL","9/11/2025 12:00",,"False","True",,,,,,,,,"obendig@deloitte.de;
jbovermann@deloitte.de;
texler@deloitte.de;
thenninger@deloitte.de;
SKlang@deloitte.de;
tkrueger@deloitte.de;
bmittlefehldt@deloitte.de;
pobenland@deloitte.de;
epritsch@deloitte.de;
hproff@deloitte.de;
jsandau@deloitte.de;
ethorwirth@deloitte.de;
pzimmermann@deloitte.de;
cahrens@deloitte.de;
cewertz@deloitte.de;
hefischer@deloitte.de;
phochrainer@deloitte.de;
ukorneck@deloitte.de;
umoehrstaedt@deloitte.de;
smottaghian@deloitte.de;
dmueller@deloitte.de;
inuccio@deloitte.de;
ssanhieter@deloitte.de;
uschoof@deloitte.de;
psojda@deloitte.de;
clulrich@deloitte.de;
cwutzler@deloitte.de;
pambrus@deloitte.de;
PDoehle@deloitte.de;
agarbadejones@deloitte.de;
tgassmann@deloitte.de;
sgoettlinger@deloitte.de;
pgoetz@deloitte.de;
phartmann@deloitte.de;
skretschmer@deloitte.de;
alaue@deloitte.de;
plunet@deloitte.de;
tmorlampen@deloitte.de;
cpetry@deloitte.de;
krosenthalgabrol@deloitte.de;
srost@deloitte.de;
sseipp@deloitte.de;
dstommel@deloitte.de;
noweiss@deloitte.de;
 CLBERGHOFF@DELOITTE.DE;
mboekels@deloitte.de;
kbujara@deloitte.de;
mburkhalter@deloitte.de;
CCruceru@deloitte.de;
kczernitzki@deloitte.de;
feberhagen@deloitte.de;
seickemeyer@deloitte.de;
asengel@deloitte.de;
bkommoss@deloitte.de;
tlammer@deloitte.de;
jluettich@deloitte.de;
rmorgenweck@deloitte.de;
eobermair@deloitte.de;
dscheler@deloitte.de;
bschlueter@deloitte.de;
fschramm@deloitte.de;
mtietz@deloitte.de;
peverhoeven@deloitte.de;
tvogel@deloitte.de;
fweinhold@deloitte.de;
jobergmann@deloitte.de;
mbertsch@deloitte.de;
tburk@deloitte.de;
fcrome@deloitte.de;
teggenberger@deloitte.de;
telfinger@deloitte.de;
sfaddahi@deloitte.de;
dfriese@deloitte.de;
jfunck@deloitte.de;
migrigore@deloitte.de;
sebahoffmann@deloitte.de;
lhubbermann@deloitte.de;
makammerer@deloitte.de;
lkattinger@deloitte.de;
mklang@deloitte.de;
fkrauss@deloitte.de;
rmaier@deloitte.de;
timai@deloitte.de;
fmalkwitz@deloitte.de;
lmichelis@deloitte.de;
jmoellers@deloitte.de;
rmoschtaq@deloitte.de;
rschober@deloitte.de;
aschuermann@deloitte.de;
phschumacher@deloitte.de;
jsiegberg@deloitte.de;
mastahl@deloitte.de;
lsteinkemper@deloitte.de;
vtheophilidis@deloitte.de;
jvoelkers@deloitte.de;
mwillmaser@deloitte.de;
jwisch@deloitte.de;
mboettrich@deloitte.de;
saeberle@deloitte.de;
alfalk@deloitte.de;
lfeindler@deloitte.de;
jfloren@deloitte.de;
wftess@deloitte.de;
xgao3@deloitte.de;
dguel@deloitte.de;
namanmjain@deloitte.de;
gjendritzky@deloitte.de;
rkamathe@deloitte.de;
olachmann@deloitte.de;
plauf@deloitte.de;
julovakovic@deloitte.de;
mluebben@deloitte.de;
mlumpp@deloitte.de;
romaier@deloitte.de;
smozorodriguez@deloitte.de;
hmueschenborn@deloitte.de;
tomelchenko@deloitte.de;
mschander@deloitte.de;
sebschmidt@deloitte.de;
fischneider@deloitte.de;
mspitzbart@deloitte.de;
pstrauch@deloitte.de;
sthomes@deloitte.de;
lwaffenschmidt@deloitte.de;
rwasseghi@deloitte.de;
sduddek@deloitte.de;
jriecken@deloitte.de;
micmoeller@deloitte.de;
mabruening@deloitte.de;
fimeyer@deloitte.de;
taboehm@deloitte.de;
jbuchen@deloitte.de;
gfidan@deloitte.de;
lhohlbein@deloitte.de;
lroesler@deloitte.de;
spianese@deloitte.de;
kiethomas@deloitte.de;
cbeer@deloitte.de;
lahahn@deloitte.de;
cnuerk@deloitte.de; scarlberg@deloitte.de; cklavers@deloitte.de; jtrippner@deloitte.de; fawinter@deloitte.de; lreppert@deloitte.de; sheege@deloitte.de; mobode@deloitte.de; sreuning@deloitte.de; joschumann@deloitte.de; dates@deloitte.de; lsaile@deloitte.de","DE - Berlin",,,,"Test"
"SAP Partner & Director Meeting 2026","Active","https://deudeloitte.sharepoint.com/sites/DOL-c-DE-B2Run/SAP Partner & Director Meeting 2026","Reserved_ImageAttachment_[17]_[Event_x0020_image][32]_[989ba0f71fa84c5fb0903cabb82fb6a9][1]_[9].jpg","72","10,000","0","040000008200E00074C5B7101A82E008000000003E3C0BF0EC0CDC010000000000000000100000008AA9D5CD66C278469C5E49E32848AF28",,"1/29/2026 17:00","369","9/28/2025 00:00","Wienkamp, Eva;Agac, Oezge","Wienkamp, Eva",,"0",,"Other Deloitte Event","Frankfurt","ALL","9/28/2025 00:00",,"False","False",,,,,"#;28.01.26 + 29.01.2026 - Dinner and Meeting#;29.01.2026 - Meeting only#;28.01.2026 - Dinner only","Which parts will you attend?",,,"nsahl@deloitte.de;tschneller@deloitte.de;nroussel@deloitte.de;sthutter@deloitte.de;pvonheimendahl@deloitte.de;stbode@deloitte.de;hpirenz@deloitte.de;jofortner@deloitte.de;sroemer@deloitte.de;tkotzaeroglou@deloitte.de;mschmidt@deloitte.de;stmacha@deloitte.de;dakpinar@deloitte.de;dnarrog@deloitte.de;bkresser@deloitte.de;sthartmann@deloitte.de;jgrabbe@deloitte.de;jjahraus@deloitte.de;twerner@deloitte.de;gaubert@deloitte.de;ibehrens@deloitte.de;jnachtweh@deloitte.de;jdasberg@deloitte.de;atrinkl@deloitte.de;rfandert@deloitte.de;fnocker@deloitte.de;mwittmann@deloitte.de;mgerhardt@deloitte.de;pfloren@deloitte.de;pedengel@deloitte.de;stmuellenbach@deloitte.de;ppangalela@deloitte.de;chellweg@deloitte.de;afersing@deloitte.de;joblom@deloitte.de;vraupach@deloitte.de;begerhard@deloitte.de;shansu@deloitte.de;tulmer@deloitte.de;tbeier@deloitte.de;rueschmidt@deloitte.de;rperezcamarero@deloitte.de;jripperger@deloitte.de;afsashraf@deloitte.de;gabansal@deloitte.de;avomberg@deloitte.de;sassemacher@deloitte.de;mschmohl@deloitte.de;axackermann@deloitte.de;rdukek@deloitte.de;anclaassen@deloitte.de;amukerji@deloitte.de;lnida@deloitte.de;sdehmelt@deloitte.de;vasareen@deloitte.de;bblankschyn@deloitte.de;mryszka@deloitte.de;deifert@deloitte.de;igattung@deloitte.de;svwylock@deloitte.de;chuesing@deloitte.de;sascioglu@deloitte.de;dhausmann@deloitte.de;gvandermolen@deloitte.de;rokashyap@deloitte.de;tgraber@deloitte.de;kathoffmann@deloitte.de;nasiddiquee@deloitte.de;nruoff@deloitte.de;kkolodziey@deloitte.de;chegmanns@deloitte.de;lteglassy@deloitte.de;jstooss@deloitte.de;mploch@deloitte.de;tweber@deloitte.de;bwitsch@deloitte.de; oagac@deloitte.de; cfoglietti@deloitte.de; advolpe@deloitte.de
afischer-blazevic@deloitte.de
akopf@deloitte.de
alupp@deloitte.de
amirau@deloitte.de
aplugge@deloitte.de
bbeckerfofana@deloitte.de
bmeszarosneszabo@deloitte.de
cfoglietti@deloitte.de
chberger@deloitte.de
cholz@deloitte.de
dkrefta@deloitte.de
dwohlmann@deloitte.de
earda@deloitte.de
ekoester@deloitte.de
elmelzer@deloitte.de
eschwartz@deloitte.de
ewienkamp@deloitte.de
jahoyer@deloitte.de
jmoeller@deloitte.de
jpfeifer@deloitte.de
jschwendel@deloitte.de
kamkhize@deloitte.de
karetz@deloitte.de
khaubenreisser@deloitte.de
kkelemen@deloitte.de
kmojasevic@deloitte.de
ksimunovic@deloitte.de
mbell@deloitte.de
mbrune@deloitte.de
mgomezfeigenbutz@deloitte.de
mispiegel@deloitte.de
mpaetzold@deloitte.de
mrafaliarison@deloitte.de
nhoerster@deloitte.de
nulbrich@deloitte.de
pmaerzluft@deloitte.de
sbecks@deloitte.de
smara@deloitte.de
srogalla@deloitte.de
trauth@deloitte.de
vhoer@deloitte.de
vkriger@deloitte.de
vschulz@deloitte.de
bluetgens@deloitte.de
oglustin@deloitte.de","DE - Frankfurt","Dietary restrictions?",,"#;N/A#;Lactose#;Gluten#;Seafood#;Nuts","PD Meeting prior SAP All Hands"
"SAP All Hands 2026","Active","https://deudeloitte.sharepoint.com/sites/DOL-c-DE-B2Run/SAP All Hands 2026","Reserved_ImageAttachment_[17]_[Event_x0020_image][32]_[b277499985a5451391789d33feae4d6d][1]_[6].png","923","10,000","0","040000008200E00074C5B7101A82E0080000000009D088D0120DDC0100000000000000001000000077FF6FCF8C20634EB6EEABCB053135A6","[""XXS (Unisex)"",""XS (Unisex)"",""S (Unisex)"",""M (Unisex)"",""L (Unisex)"",""XL (Unisex)"",""XXL (Unisex)"",""3XL (Unisex)"",""4XL (Unisex)"",""5XL (Unisex)""]","1/30/2026 17:00","371","9/28/2025 00:00","Wienkamp, Eva;Agac, Oezge","Wienkamp, Eva",,"0",,"Other Deloitte Event","Frankfurt","ALL","9/28/2025 00:00",,"True","False",,,,,"#;Analytics#;Architecture and Project Management#;Assistance#;Essential Services#;Finance#;Industry Solutions#;Manufacturing and Planning#;Master Data Management#;Partner and Director#;Procurement#;Public Cloud#;Sales and Service#;Technology and Platform#;Warehousing and Transport","What is your talent group?",,,"nsahl@deloitte.de;sobecker@deloitte.de;pamora@deloitte.de;idittmann@deloitte.de;twichmann@deloitte.de;chrdahl@deloitte.de;seckardt@deloitte.de;mwittmann@deloitte.de;anwaldow@deloitte.de;tschneller@deloitte.de;mgerhardt@deloitte.de;adiedrich@deloitte.de;nroussel@deloitte.de;pfloren@deloitte.de;sthutter@deloitte.de;vschmidt@deloitte.de;mosyra@deloitte.de;pedengel@deloitte.de;rusalputra@deloitte.de;uspreng@deloitte.de;stmuellenbach@deloitte.de;mburbach@deloitte.de;ppangalela@deloitte.de;pvonheimendahl@deloitte.de;stbode@deloitte.de;hpirenz@deloitte.de;jofortner@deloitte.de;sroemer@deloitte.de;beacs@deloitte.de;axbaier@deloitte.de;hberndt@deloitte.de;tkotzaeroglou@deloitte.de;chellweg@deloitte.de;mschmidt@deloitte.de;afersing@deloitte.de;joblom@deloitte.de;vraupach@deloitte.de;begerhard@deloitte.de;hnick@deloitte.de;rmoser@deloitte.de;acharrois@deloitte.de;fsatzger@deloitte.de;vorudolf@deloitte.de;shansu@deloitte.de;jinselmann@deloitte.de;tulmer@deloitte.de;tbeier@deloitte.de;matmueller@deloitte.de;mahernandezsanchez@deloitte.de;skoenig@deloitte.de;juekautz@deloitte.de;izacher@deloitte.de;nispathis@deloitte.de;chzehmer@deloitte.de;stmacha@deloitte.de;dakpinar@deloitte.de;ofcalin@deloitte.de;thgaray@deloitte.de;maschaefer@deloitte.de;smassonnet@deloitte.de;mthaller@deloitte.de;kpietukhova@deloitte.de;rueschmidt@deloitte.de;tskalmierski@deloitte.de;rfauss@deloitte.de;nnosratpour@deloitte.de;rperezcamarero@deloitte.de;chenxxu@deloitte.de;ajsvraka@deloitte.de;jbenz@deloitte.de;ostorck@deloitte.de;chunseder@deloitte.de;dnarrog@deloitte.de;sklose@deloitte.de;mroggendorf@deloitte.de;almiles@deloitte.de;aholtz@deloitte.de;bkresser@deloitte.de;mwicker@deloitte.de;cjostarndt@deloitte.de;jripperger@deloitte.de;sdriesslein@deloitte.de;mabader@deloitte.de;abodasinska@deloitte.de;pborade@deloitte.de;olkazinova@deloitte.de;gamaini@deloitte.de;pmichaelsen@deloitte.de;czangen@deloitte.de;dflach@deloitte.de;afsashraf@deloitte.de;kdimitrov@deloitte.de;analabushev@deloitte.de;rajatarora@deloitte.de;carsthomas@deloitte.de;treisch@deloitte.de;alemmen@deloitte.de;rschlossmacher@deloitte.de;gabansal@deloitte.de;ohirzel@deloitte.de;mjans@deloitte.de;anzahn@deloitte.de;avomberg@deloitte.de;hgoecer@deloitte.de;mheeke@deloitte.de;jfaber@deloitte.de;rpuerner@deloitte.de;agrajetzki@deloitte.de;mabarth@deloitte.de;sassemacher@deloitte.de;jmeichsner@deloitte.de;sthartmann@deloitte.de;sscheibl@deloitte.de;kkrusbersky@deloitte.de;mneske@deloitte.de;sgebele@deloitte.de;swochner@deloitte.de;bbahsas@deloitte.de;lpokorny@deloitte.de;ostegmaier@deloitte.de;dbrach@deloitte.de;kkaiser@deloitte.de;jschmikale@deloitte.de;tamrutkar@deloitte.de;sudhbehera@deloitte.de;yufhuang@deloitte.de;palthaus@deloitte.de;skiewel@deloitte.de;azykiert@deloitte.de;ymiao@deloitte.de;stehansen@deloitte.de;abachal@deloitte.de;ttrinhheincke@deloitte.de;vkatarsal@deloitte.de;pcahay@deloitte.de;jgrabbe@deloitte.de;oharth@deloitte.de;abentaleb@deloitte.de;laljain@deloitte.de;alsaleem@deloitte.de;ggiannantonakis@deloitte.de;mhaenies@deloitte.de;escholz@deloitte.de;mabruckauf@deloitte.de;neeljain@deloitte.de;smayaraj@deloitte.de;mlichtschlag@deloitte.de;jraskopp@deloitte.de;mschmohl@deloitte.de;sunnshaw@deloitte.de;sfrere@deloitte.de;cschuckert@deloitte.de;jkorte@deloitte.de;hasaa@deloitte.de;dluerssen@deloitte.de;ohack@deloitte.de;axackermann@deloitte.de;kheinen@deloitte.de;jjahraus@deloitte.de;frarnold@deloitte.de;ateneketzis@deloitte.de;sakbar@deloitte.de;jjibril@deloitte.de;aturken@deloitte.de;rduerr@deloitte.de;rdukek@deloitte.de;frajput@deloitte.de;easaithambi@deloitte.de;anclaassen@deloitte.de;adekker@deloitte.de;vaulaje@deloitte.de;mchaturvedi@deloitte.de;pnies@deloitte.de;hramesh@deloitte.de;jsreedharan@deloitte.de;priyaarora@deloitte.de;nkewalramani@deloitte.de;amavnurvenkateshan@deloitte.de;amukerji@deloitte.de;anibhattacharjee@deloitte.de;anbeniwal@deloitte.de;ransaini@deloitte.de;bschmoelders@deloitte.de;eniazi@deloitte.de;jschwarz@deloitte.de;hwestphal@deloitte.de;sanmohanty@deloitte.de;chrivogel@deloitte.de;manadams@deloitte.de;dlohmann@deloitte.de;dichaudhuri@deloitte.de;mawilhelm@deloitte.de;sdiewald@deloitte.de;anbhawsinghka@deloitte.de;lgiesecke-dancker@deloitte.de;moeser@deloitte.de;zfloro@deloitte.de;swlk@deloitte.de;lgoetzelmann@deloitte.de;twerner@deloitte.de;sasotte@deloitte.de;gaubert@deloitte.de;pkamaraj@deloitte.de;atriebsch-tsujino@deloitte.de;nagbegum@deloitte.de;hghosh@deloitte.de;hulin@deloitte.de;mbrinkmeyer@deloitte.de;heobst@deloitte.de;lnida@deloitte.de;ksiedentop@deloitte.de;tbrzenk@deloitte.de;eranker@deloitte.de;khusgoyal@deloitte.de;mahuber@deloitte.de;mphilipp@deloitte.de;nkorogluturan@deloitte.de;sikemper@deloitte.de;tvinogradova@deloitte.de;vhoelper@deloitte.de;pamihali@deloitte.de;jmarkert@deloitte.de;rsimnica@deloitte.de;tdussler@deloitte.de;apandayalamoorkoth@deloitte.de;arannag@deloitte.de;tacelik@deloitte.de;prarakshit@deloitte.de;allarionov@deloitte.de;chrisschaefer@deloitte.de;jnaghshine@deloitte.de;sakishin@deloitte.de;vimapillai@deloitte.de;cljipa@deloitte.de;anpagare@deloitte.de;sabdulhak@deloitte.de;sthool@deloitte.de;aiseitz@deloitte.de;nkowitz@deloitte.de;pratkar@deloitte.de;disimon@deloitte.de;bbergmann@deloitte.de;jakhalpada@deloitte.de;dmansukhani@deloitte.de;awesterteicher@deloitte.de;jciardullo@deloitte.de;ibehrens@deloitte.de;kkoeder@deloitte.de;sabranco@deloitte.de;sandressen@deloitte.de;mhorneburg@deloitte.de;schatterjeerakshit@deloitte.de;aelter@deloitte.de;mpant@deloitte.de;sharmaabhinav@deloitte.de;sanderoy@deloitte.de;manraj@deloitte.de;lsuehrer@deloitte.de;svjanssen@deloitte.de;sdehmelt@deloitte.de;vasareen@deloitte.de;abhishekjain@deloitte.de;bblankschyn@deloitte.de;urajpara@deloitte.de;vstratakis@deloitte.de;hangupta@deloitte.de;pdistler@deloitte.de;csachse@deloitte.de;aramosdasilva@deloitte.de;rkretzschmar@deloitte.de;tleubecher@deloitte.de;ianton@deloitte.de;ronimbalkar@deloitte.de;czierz@deloitte.de;hpopal@deloitte.de;mryszka@deloitte.de;vivvijayan@deloitte.de;lrach@deloitte.de;thata@deloitte.de;rguener@deloitte.de;afutane@deloitte.de;lpeedikayilraj@deloitte.de;femeyer@deloitte.de;arindasaha@deloitte.de;dpangalela@deloitte.de;sialbrecht@deloitte.de;szahaf@deloitte.de;sendmaier@deloitte.de;abganguly@deloitte.de;parthmmehta@deloitte.de;dneff@deloitte.de;pjethani@deloitte.de;saumbhattacharya@deloitte.de;kgharal@deloitte.de;ravimaheshwari@deloitte.de;adevisetti@deloitte.de;neerjain@deloitte.de;chantke@deloitte.de;famiri@deloitte.de;golemos@deloitte.de;abhijadhav@deloitte.de;deifert@deloitte.de;ybulca@deloitte.de;bkaur@deloitte.de;jglet@deloitte.de;rturgay@deloitte.de;frottilige@deloitte.de;fbakir@deloitte.de;kiskandarov@deloitte.de;xinylu@deloitte.de;ansora@deloitte.de;fkarakas@deloitte.de;earunachalamchithra@deloitte.de;kmestrovic-dester@deloitte.de;vanale@deloitte.de;fscharpf@deloitte.de;lohkumar@deloitte.de;viele@deloitte.de;shrpratik@deloitte.de;igattung@deloitte.de;momaharshi@deloitte.de;shmirza@deloitte.de;kuhou@deloitte.de;imaadkhan@deloitte.de;manbhutada@deloitte.de;jnachtweh@deloitte.de;hbehlau@deloitte.de;srenukuntla@deloitte.de;lsteinkirchner@deloitte.de;arodge@deloitte.de;fvoskors@deloitte.de;fdaas@deloitte.de;pujjalli@deloitte.de;yuwding@deloitte.de;jschauer2@deloitte.de;muverdi@deloitte.de;sachellappan@deloitte.de;vchetty@deloitte.de;skuzmich@deloitte.de;ael-hatri@deloitte.de;sudmaroju@deloitte.de;lnuernberg@deloitte.de;mbuechner@deloitte.de;jolanrewaju@deloitte.de;mifix@deloitte.de;alougandara@deloitte.de;kunapatil@deloitte.de;rsingh14@deloitte.de;nsuryoputri@deloitte.de;shivakumari@deloitte.de;fspiegel@deloitte.de;ankurian@deloitte.de;jdasberg@deloitte.de;timsitdikov@deloitte.de;ginapoli@deloitte.de;uguaydin@deloitte.de;nshawabkeh@deloitte.de;eyilmazer@deloitte.de;priyankaspatel@deloitte.de;prchandra@deloitte.de;ramarella@deloitte.de;prkandpal@deloitte.de;cmaier@deloitte.de;meghagoel@deloitte.de;vekarri@deloitte.de;avedharethinam@deloitte.de;lithomsen@deloitte.de;svwylock@deloitte.de;enqwu@deloitte.de;bingwang@deloitte.de;temartin@deloitte.de;bwitsch@deloitte.de;mischolz@deloitte.de;aburkhardt@deloitte.de;sunilksingh@deloitte.de;rgunti@deloitte.de;rahutiwari@deloitte.de;arabet@deloitte.de;mirstern@deloitte.de;vikasjain@deloitte.de;chuesing@deloitte.de;sascioglu@deloitte.de;atrinkl@deloitte.de;asomanagowda@deloitte.de;mjames@deloitte.de;mlowitsch@deloitte.de;dican@deloitte.de;schitta@deloitte.de;dibray@deloitte.de;abaranova@deloitte.de;mloevenich@deloitte.de;amousakhanpour@deloitte.de;dvancappelle@deloitte.de;lreppert@deloitte.de;cunobagha@deloitte.de;rmouthalay@deloitte.de;yunxzhang@deloitte.de;tkhamidov@deloitte.de;atschapke@deloitte.de;maubianchi@deloitte.de;aotari@deloitte.de;distefan@deloitte.de;bpanic-wingefeld@deloitte.de;skoratagerelakshmina@deloitte.de;nkandora@deloitte.de;huizheng@deloitte.de;ealabushev@deloitte.de;deekinci@deloitte.de;stneubert@deloitte.de;kayarramreddy@deloitte.de;madmello@deloitte.de;dmkorn@deloitte.de;oeyildirim@deloitte.de;yivanovska@deloitte.de;sklatt@deloitte.de;edilek@deloitte.de;sistrobl@deloitte.de;ielmokdad@deloitte.de;lporscha@deloitte.de;tonmueller@deloitte.de;cdemirel@deloitte.de;gzemkouo@deloitte.de;erjenkins@deloitte.de;nreiher@deloitte.de;maximischmidt@deloitte.de;mamling@deloitte.de;melger@deloitte.de;alust@deloitte.de;sersahin@deloitte.de;snsparsh@deloitte.de;bgerdom@deloitte.de;vlmorenkov@deloitte.de;caweiss@deloitte.de;ticer@deloitte.de;fgruber@deloitte.de;akhadanga@deloitte.de;fringelhan@deloitte.de;vmaadireddy@deloitte.de;mknorr@deloitte.de;dhausmann@deloitte.de;abpanhale@deloitte.de;arizehbandy@deloitte.de;msuess@deloitte.de;ybourguignon@deloitte.de;minhhnguyen@deloitte.de;jtorresospina@deloitte.de;grfink@deloitte.de;jwollenberg@deloitte.de;uthiele@deloitte.de;sabhutada@deloitte.de;mpechar@deloitte.de;ikamenetskiy@deloitte.de;svardham@deloitte.de;ayekhan@deloitte.de;kekaratas@deloitte.de;mhirihallymanjegowda@deloitte.de;bkasinathan@deloitte.de;ahohmann@deloitte.de;sghosh9@deloitte.de;dkittler@deloitte.de;vmontestapia@deloitte.de;kbaier@deloitte.de;srijchatterjee@deloitte.de;nadecock@deloitte.de;damarino@deloitte.de;mguener@deloitte.de;hhedemann@deloitte.de;atwalvekar@deloitte.de;miscan@deloitte.de;agolubiatnikova@deloitte.de;nloulou@deloitte.de;tkeuthen@deloitte.de;iborgardt@deloitte.de;nfuchs@deloitte.de;gvandermolen@deloitte.de;moezkaraman@deloitte.de;lihoffmann@deloitte.de;awaldburger@deloitte.de;dollram@deloitte.de;cquoccao@deloitte.de;merajawat@deloitte.de;sresreekumar@deloitte.de;azobel@deloitte.de;sboughattas@deloitte.de;ohamdan@deloitte.de;jgent@deloitte.de;satganguly@deloitte.de;akolobnev@deloitte.de;nitbhatia@deloitte.de;skovalev@deloitte.de;cdobner@deloitte.de;akhatkhate@deloitte.de;anngraf@deloitte.de;anbusse@deloitte.de;bngamotchouamo@deloitte.de;bcadirgi@deloitte.de;simig@deloitte.de;pjanjalkar@deloitte.de;ziyiwang@deloitte.de;mekincioglu@deloitte.de;lherrmann@deloitte.de;dneyburg@deloitte.de;siddhashah@deloitte.de;kbakirtzis@deloitte.de;rokashyap@deloitte.de;kaali@deloitte.de;kseitz@deloitte.de;jkonitzer@deloitte.de;berichter@deloitte.de;mgoethel@deloitte.de;fischwarz@deloitte.de;ghasanova@deloitte.de;kpoeschk@deloitte.de;jcordes@deloitte.de;mstenzel@deloitte.de;pkremling@deloitte.de;hdominguezroque@deloitte.de;kgorski@deloitte.de;wuliu@deloitte.de;aravijay@deloitte.de;elschneider@deloitte.de;sscholl@deloitte.de;mennemoser@deloitte.de;parpandey@deloitte.de;aheitmann@deloitte.de;tgraber@deloitte.de;hedewreede@deloitte.de;saypal@deloitte.de;ntoellner@deloitte.de;isecerbegovic@deloitte.de;plehmann@deloitte.de;phenzgen@deloitte.de;ngormann@deloitte.de;iluecken@deloitte.de;pahahn@deloitte.de;mekoch@deloitte.de;dcaliskan@deloitte.de;kel-hage@deloitte.de;gaaleksiewicz@deloitte.de;arezgui@deloitte.de;smagi@deloitte.de;bbetzwieser@deloitte.de;otodkar@deloitte.de;anbirk@deloitte.de;dljutic@deloitte.de;hainzhang@deloitte.de;keiglmaier@deloitte.de;rfandert@deloitte.de;nschepp@deloitte.de;mdrennhaus@deloitte.de;dbergmann@deloitte.de;mswiatek@deloitte.de;mraith@deloitte.de;karagoel@deloitte.de;ritbanerjee@deloitte.de;sdaviddaniel@deloitte.de;mrenke@deloitte.de;fiaslanli@deloitte.de;cadincer@deloitte.de;cvieth@deloitte.de;dthiess@deloitte.de;ahild@deloitte.de;aliweiss@deloitte.de;mebenslimane@deloitte.de;cwieder@deloitte.de;ashutpandey@deloitte.de;nrodionov@deloitte.de;zonaqvi@deloitte.de;samtu@deloitte.de;khsermelwall@deloitte.de;baonguyen@deloitte.de;cgieron@deloitte.de;abinakaj@deloitte.de;anishaikh@deloitte.de;imoeller@deloitte.de;kathoffmann@deloitte.de;mkoepp@deloitte.de;klahav@deloitte.de;orichter@deloitte.de;jmukaj@deloitte.de;plewkulitsch@deloitte.de;pbharathi@deloitte.de;sganeson@deloitte.de;jiacliu@deloitte.de;maxikoch@deloitte.de;mwuensch@deloitte.de;fbalaraz@deloitte.de;facherif@deloitte.de;maseng@deloitte.de;ntseytlina@deloitte.de;marle@deloitte.de;tmoyasalgado@deloitte.de;jakaufmann@deloitte.de;tcoptil@deloitte.de;jbeaufort@deloitte.de;mrueger@deloitte.de;hezimmermann@deloitte.de;zgardezi@deloitte.de;ssinghkaur@deloitte.de;dzurnedden@deloitte.de;sfoell@deloitte.de;fbuff@deloitte.de;dpobivanez@deloitte.de;rkezhakapermbiltitus@deloitte.de;adhoke@deloitte.de;tphilips@deloitte.de;hyavuz@deloitte.de;nasiddiquee@deloitte.de;dpurandare@deloitte.de;ashawabkeh@deloitte.de;jenrodrigues@deloitte.de;dfunk@deloitte.de;pradeepsingh@deloitte.de;alkrueger@deloitte.de;aluchnik@deloitte.de;ducmivu@deloitte.de;pkumar43@deloitte.de;nruoff@deloitte.de;siminzhang@deloitte.de;cllico@deloitte.de;rushinde@deloitte.de;haydin@deloitte.de;twildhagen@deloitte.de;alierschaft@deloitte.de;pbremm@deloitte.de;mkumar32@deloitte.de;ykavarattyrajamani@deloitte.de;diwmishra@deloitte.de;thiknguyen@deloitte.de;hasyilmaz@deloitte.de;egrollmisch@deloitte.de;zofazal@deloitte.de;rchafchalafpena@deloitte.de;mpatange@deloitte.de;mohibrahim@deloitte.de;jwicker@deloitte.de;emansourazar@deloitte.de;leerb@deloitte.de;lkallinich@deloitte.de;rbiehl@deloitte.de;pmurugesan@deloitte.de;ssolhan@deloitte.de;hhoensch@deloitte.de;mamerz@deloitte.de;asagala@deloitte.de;tasaftei-stefanescu@deloitte.de;aruff@deloitte.de;sebandaru@deloitte.de;carbter@deloitte.de;rbhayani@deloitte.de;prsonwal@deloitte.de;chhaeberlein@deloitte.de;rkadirvelu@deloitte.de;msellhorn@deloitte.de;seohepark@deloitte.de;narpatel@deloitte.de;jnikolic@deloitte.de;maabdelwahab@deloitte.de;walbatal@deloitte.de;kkolodziey@deloitte.de;alpapadopoulou@deloitte.de;yicyu@deloitte.de;fferreyrossteinmeyer@deloitte.de;mschoelling@deloitte.de;magajda@deloitte.de;csentuerk@deloitte.de;cnandi@deloitte.de;doezaltin@deloitte.de;muaasif@deloitte.de;pmichot@deloitte.de;cdevaureix@deloitte.de;gknott@deloitte.de;jdrebinger@deloitte.de;kaelidrissi-lamghari@deloitte.de;dmonthe@deloitte.de;llamski@deloitte.de;gboechat@deloitte.de;jferrandobretones@deloitte.de;astefaniak@deloitte.de;chegmanns@deloitte.de;dneuhaus@deloitte.de;hmichel@deloitte.de;quain@deloitte.de;dpereirajimenez@deloitte.de;bdiab@deloitte.de;ralkurdi@deloitte.de;debraun@deloitte.de;aelkefi@deloitte.de;cmuscheidt@deloitte.de;chrisjanssen@deloitte.de;dpanfilenko@deloitte.de;juvanoss@deloitte.de;nipugupta@deloitte.de;safrick@deloitte.de;jmerbach@deloitte.de;lteglassy@deloitte.de;murlbauer@deloitte.de;ngoronz@deloitte.de;kmuenstedt@deloitte.de;sebaydin@deloitte.de;ykonak@deloitte.de;smittra@deloitte.de;sealbert@deloitte.de;bklingert@deloitte.de;tdubinin@deloitte.de;asumaharana@deloitte.de;morinck@deloitte.de;smaliqi@deloitte.de;sashray@deloitte.de;erahparast@deloitte.de;lubernhardt@deloitte.de;fnocker@deloitte.de;ppropadalo@deloitte.de;lixwu@deloitte.de;ssarkisian@deloitte.de;kunalahuja@deloitte.de;szekry@deloitte.de;cagros@deloitte.de;markkeller@deloitte.de;asantosschmidt@deloitte.de;ggehring@deloitte.de;mcesitli@deloitte.de;jadau@deloitte.de;dastetsenko@deloitte.de;drtohanean@deloitte.de;dkunnathharidas@deloitte.de;janjoos@deloitte.de;jmainka@deloitte.de;asschulten@deloitte.de;sgrossekathoefer@deloitte.de;dedrosca@deloitte.de;jstooss@deloitte.de;eariunjargal@deloitte.de;redebali@deloitte.de;tluedecke@deloitte.de;lmartindepedro@deloitte.de;chbiswal@deloitte.de;rapokuri@deloitte.de;broukdi@deloitte.de;rfriese@deloitte.de;hcrisan@deloitte.de;eliaydin@deloitte.de;sanokumar@deloitte.de;bsamantaray@deloitte.de;gjeinsen@deloitte.de;sfriedrich@deloitte.de;esichwart@deloitte.de;iaufdembrinke@deloitte.de;mmuss@deloitte.de;oobanaamar@deloitte.de;peffenbergermartin@deloitte.de;adauti@deloitte.de;nkeliyanto@deloitte.de;awangjaroslawzew@deloitte.de;ahaertl@deloitte.de;ipopova@deloitte.de;gkaramolla@deloitte.de;doale@deloitte.de;jschirm@deloitte.de;amoltchanov@deloitte.de;juvoelkel@deloitte.de;samhvenkatesh@deloitte.de;femueller@deloitte.de;awendscher@deloitte.de;gcampisi@deloitte.de;snaufal@deloitte.de;dkloezer@deloitte.de;stholl@deloitte.de;mploch@deloitte.de;pmoumicoulon@deloitte.de;kkremer@deloitte.de;mmoennich@deloitte.de;bmercen@deloitte.de;fkaplan@deloitte.de;redesilva@deloitte.de;prgope@deloitte.de;bistrivedi@deloitte.de;mbenamor@deloitte.de;ysoultana@deloitte.de;karmeier@deloitte.de;ashgaur@deloitte.de;eldirocco@deloitte.de;bakyilmaz@deloitte.de;eshevchenko@deloitte.de;kgrosse-venhaus@deloitte.de;sauerbach@deloitte.de;jietao@deloitte.de;zbazarova@deloitte.de;feschuetze@deloitte.de;juher@deloitte.de;lhagenmueller@deloitte.de;lerschow@deloitte.de;sharkude@deloitte.de;mabu-ghosh@deloitte.de;svrtic@deloitte.de;deevelivela@deloitte.de;ebiela@deloitte.de;jachinnam@deloitte.de;mgerencser@deloitte.de;beseidel@deloitte.de;sbunatyan@deloitte.de;mlange@deloitte.de;merelamrani@deloitte.de;amirzayeva@deloitte.de;sfolberth@deloitte.de;sgensch@deloitte.de;crunde@deloitte.de;drieger@deloitte.de;abgarai@deloitte.de;aadep@deloitte.de;bobozkurt@deloitte.de;amiroshnychenko@deloitte.de;akanrar@deloitte.de;aramaj@deloitte.de;sholitschke@deloitte.de;babaz@deloitte.de;nboettger@deloitte.de;ybuervenich@deloitte.de;jrolland@deloitte.de;mtekin@deloitte.de;alkern@deloitte.de;ladino@deloitte.de;mhollmann@deloitte.de;elehoffmann@deloitte.de;mplewik@deloitte.de;ibenanane@deloitte.de;jsun3@deloitte.de;lkoeller@deloitte.de;nhandekli@deloitte.de;sikasper@deloitte.de;rdavletov@deloitte.de;snmuralidharan@deloitte.de;tweis@deloitte.de;lphleps@deloitte.de;psathasivam@deloitte.de;mohammohamed@deloitte.de;gekhvaia@deloitte.de;lmihalceanu@deloitte.de;twilken@deloitte.de;benoch@deloitte.de;pageissler@deloitte.de;fthiam@deloitte.de;koukaddi@deloitte.de;shailesharma@deloitte.de;ssharma98@deloitte.de;malamin@deloitte.de;pdate@deloitte.de;rrohit@deloitte.de;cmueminoglu@deloitte.de;pzerrahn@deloitte.de;dmanzory@deloitte.de;imirweis@deloitte.de;mrolof@deloitte.de;aakulshin@deloitte.de;bmichalik@deloitte.de;wsalmaier@deloitte.de;ctute@deloitte.de;nkeller@deloitte.de;kajmi@deloitte.de;asinitsyn@deloitte.de;rchilom@deloitte.de;nnayir@deloitte.de;ayushimaheshwari@deloitte.de;ktroebs@deloitte.de;shirdutta@deloitte.de;lmillinghaus@deloitte.de;ekokonozi@deloitte.de;tdunkel@deloitte.de;marstach@deloitte.de;tweber@deloitte.de;jscheifele@deloitte.de;tgolz@deloitte.de;lrose@deloitte.de;mziegler@deloitte.de;yicxu@deloitte.de;hyueksel@deloitte.de;syedzeahmad@deloitte.de;tdreyer@deloitte.de;ekoral@deloitte.de;bknuth@deloitte.de;dbenet@deloitte.de;ddebock@deloitte.de;msinghkaur@deloitte.de;agomezrey@deloitte.de;mquintairosfernandez@deloitte.de;jtrinks@deloitte.de;dfersing@deloitte.de;advolpe@deloitte.de;
afischer-blazevic@deloitte.de; akopf@deloitte.de; alupp@deloitte.de; amirau@deloitte.de; aplugge@deloitte.de; bbeckerfofana@deloitte.de; bmeszarosneszabo@deloitte.de; cfoglietti@deloitte.de; chberger@deloitte.de; cholz@deloitte.de; dkrefta@deloitte.de; dwohlmann@deloitte.de; earda@deloitte.de; ekoester@deloitte.de; elmelzer@deloitte.de; eschwartz@deloitte.de; ewienkamp@deloitte.de; jahoyer@deloitte.de; jmoeller@deloitte.de; jpfeifer@deloitte.de; jschwendel@deloitte.de; kamkhize@deloitte.de; karetz@deloitte.de; khaubenreisser@deloitte.de; kkelemen@deloitte.de; kmojasevic@deloitte.de; ksimunovic@deloitte.de; mbell@deloitte.de; mbrune@deloitte.de; mgomezfeigenbutz@deloitte.de; mispiegel@deloitte.de; mpaetzold@deloitte.de; mrafaliarison@deloitte.de; nhoerster@deloitte.de; nulbrich@deloitte.de; pmaerzluft@deloitte.de; sbecks@deloitte.de; smara@deloitte.de; srogalla@deloitte.de; trauth@deloitte.de; vhoer@deloitte.de; vkriger@deloitte.de; vschulz@deloitte.de;
fanton@deloitte.de; larendt@deloitte.de; fbenz@deloitte.de; mabeyer@deloitte.de; lbleckmann@deloitte.de; vbuechele@deloitte.de; tchoe@deloitte.de; cfehrmann@deloitte.de; hfranke@deloitte.de; sfrentzen@deloitte.de; EGemeinder@deloitte.de; sgerken@deloitte.de; oglustin@deloitte.de; juharrer@deloitte.de; MaHauptmann@deloitte.de; jhoberman@deloitte.com; dkotlerova@deloitte.de; vkrug@deloitte.de; mkuebler@deloitte.de; vnarasimhamurti@deloitte.com; BNetzer@deloitte.de; UNevels@DELOITTE.DE; CNuerk@DELOITTE.DE; cperchermeier@deloitte.de; rpusnik@deloitte.de; aribitza@deloitte.de; crickert@deloitte.de; fripperger@deloitte.de; rschlossmacher@deloitte.de; lisaschroeder@deloitte.de; juschweizer@deloitte.de; johnsteele@deloitte.com; pthaler@deloitte.de; pathamm@deloitte.de; ktroebs@deloitte.de; suhlenbrock@deloitte.de; fewagner@deloitte.de; elwilhelm@deloitte.de; yatici@deloitte.de; JZeiss@deloitte.de; ybaumann@deloitte.de; gbogatyrev@deloitte.de; ebreitbarth@deloitte.de; prdas@deloitte.de; bdastich@deloitte.de; adhamija@deloitte.de; oduman@deloitte.de; hgevatter@deloitte.de; souradipghosh@deloitte.de; lgoethel@deloitte.de; heheena@deloitte.de; gsingh7@deloitte.de; vkallenahalligovinda@deloitte.de; rkrenzlin@deloitte.de; amkumar8@deloitte.de; sleiterer@deloitte.de; vmedikonda@deloitte.de; jnwafor@deloitte.de; rravula@deloitte.de; aseehars@deloitte.de; msenyurt@deloitte.de; tstapke@deloitte.de; mastephan@deloitte.de; anvaze@deloitte.de; kvupparapalli@deloitte.de; juliaweber@deloitte.de; oagac@deloitte.de; earda@deloitte.de; karetz@deloitte.de; bbeckerfofana@DELOITTE.DE; sbecks@deloitte.de; mbell@deloitte.de; chberger@DELOITTE.DE; mbrune@deloitte.de; afischer-blazevic@deloitte.de; cfoglietti@deloitte.de; ffroehlich@deloitte.de; mgomezfeigenbutz@deloitte.de; khaubenreisser@deloitte.de; vhoer@deloitte.de; nhoerster@deloitte.de; cholz@deloitte.de; jahoyer@deloitte.de; kkelemen@deloitte.de; ekoester@deloitte.de; akopf@deloitte.de; DKrefta@DELOITTE.DE; vkriger@deloitte.de; bluetgens@deloitte.de; alupp@deloitte.de; pmaerzluft@deloitte.de; smara@deloitte.de; elmelzer@deloitte.de; bmeszarosneszabo@deloitte.de; amirau@deloitte.de; kamkhize@deloitte.de; jmoeller@deloitte.de; kmojasevic@deloitte.de; mpaetzold@deloitte.de; jpfeifer@deloitte.de; aplugge@deloitte.de; mrafaliarison@deloitte.de; trauth@deloitte.de; srogalla@deloitte.de; vschulz@deloitte.de; eschwartz@deloitte.de; jschwendel@deloitte.de; ksimunovic@deloitte.de; MiSpiegel@DELOITTE.DE; nulbrich@deloitte.de; advolpe@deloitte.de; ewienkamp@deloitte.de; dwohlmann@deloitte.de; mmassely@deloitte.de; drodriguesalmeida@deloitte.de; bluetgens@deloitte.de; prdas@deloitte.de; mwittmann@deloitte.de; Ludwig, Joerg Tony <joeludwig@deloitte.de>; Schwabe, Tim Wolfgang Helmut <tschwabe@deloitte.de>; Kroiss, Quentin <qkroiss@deloitte.de>; Kurfess, Tobias <tkurfess@deloitte.de>; Bronn, Manuel <mbronn@deloitte.de>; Sungur, Resul <rsungur@deloitte.de>; Banai, Ahmad Soheil <abanai@deloitte.de>; Koochakizirdehi, Neda <nkoochakizirdehi@deloitte.de>; Schubert, Nikolas <nischubert@deloitte.de>; Zeidler, Gero <gzeidler@deloitte.de>; Davara, Nikunjkumar Mukeshbhai <ndavara@deloitte.de>; Blatter, Max <mblatter@deloitte.de>; Pollich, Anton <apollich@deloitte.de>; Rudskaia, Anastasiia <arudskaia@deloitte.de>; Stoffl, Franz Miklas <fstoffl@deloitte.de>; Guenther, Emilia Mariana Susanna <emguenther@deloitte.de>; Seren, Davud <dseren@deloitte.de>; Yesil, Zehra <zyesil@deloitte.de>; Junker, Anna <anjunker@deloitte.de>; Rajesh, Anish <anirajesh@deloitte.de>; Boss, Louis <lboss@deloitte.de>; Yashina, Tamilla <tyashina@deloitte.de>; Nasuhoglu, Enes <enasuhoglu@deloitte.de>; Aldinger, Leon <laldinger@deloitte.de>; Pandey, Nitika <npandey1@deloitte.de>; Agawane, Adarsh Tarachand <adagawane@deloitte.de>; Mahmutcavusoglu, Selin <smahmutcavusoglu@deloitte.de>; Thakkar, Bhoomi Yogeshkumar <bhothakkar@deloitte.de>; Thurl, Matthias <mthurl@deloitte.de>; Madiesh, Mohammed Nour <mmadiesh@deloitte.de>; Zine-El-Abidine, Mohamed <mzine-el-abidine@deloitte.de>; Rostock, Kira Martina <krostock@deloitte.de>; Birnstiel, Isabeau <ibirnstiel@deloitte.de>; Amthauer, Arian <aamthauer@deloitte.de>; Rajarathinam, Senthilkumar <srajarathinam@deloitte.de>; Sharma, Yogendra <yogensharma@deloitte.de>; Ghule, Nikhil Nivrutti <nghule@deloitte.de>; Blunck, Lukas <lblunck@deloitte.de>; Roth, Stephan <stroth@deloitte.de>; Choudhary, Rajesh Kumar <rajeshchoudhary@deloitte.de>; Sansivieri, Davide <dsansivieri@deloitte.de>; Scholl, Luca Jerome <luscholl@deloitte.de>; Firuz, Zohra <zfiruz@deloitte.de>; Kantzenbach, Jon <jkantzenbach@deloitte.de>; Sinha, Tushar <tussinha@deloitte.de>; Jantos, Karolina <kjantos@deloitte.de>; Stelzel, Lukas <lstelzel@deloitte.de>; Dobraj, Liridona <ldobraj@deloitte.de>; Miraky, Largun <lmiraky@deloitte.de>; Reuss, Natalia <nreuss@deloitte.de>; Minde, Kunal Shriram <kminde@deloitte.de>; Kosyra, Maurice <mkosyra@deloitte.de>; Pekinsoy, Duygu <dpekinsoy@deloitte.de>; Engel, Darian Marek <daengel@deloitte.de>; Karabegovic, Adnan <akarabegovic@deloitte.de>; Reschetnikow, Daniel <dreschetnikow@deloitte.de>; Seguro, Andre Augustto <aseguro@deloitte.de>; Yang, Aohan <aoyang@deloitte.de>; Marathe, Radhika Satyen <ramarathe@deloitte.de>; Gussmag, Luca <lgussmag@deloitte.de>; Linthout, Emily <elinthout@deloitte.de>; Asefi, Hacmal <hasefi@deloitte.de>; Coskun, Ercan <ercoskun@deloitte.de>; Konjuhi, Kushtrim <kkonjuhi@deloitte.de>; Arnaout, Nora <narnaout@deloitte.de>; Boyaci, Eray <eboyaci@deloitte.de>; Mueller, Daniel <danimueller@deloitte.de>; Gudla, Anjali <anjgudla@deloitte.de>; Harbig, Antonia <aharbig@deloitte.de>; Millituerk, Deniz <dmillituerk@deloitte.de>; Sampaio Neves, Bruna <bsampaioneves@deloitte.de>; Mishra, Akankshya <akankshyamishra@deloitte.de>; Kumari, Sneha <skumari61@deloitte.de>; Nguyen, Linh <lnguyen1@deloitte.de>; Pooja, Pooja <poojapooja@deloitte.de>; Arslan, Kaan <kaarslan@deloitte.de>; Adluri, Sathwik <saadluri@deloitte.de>; Rai, Ashish <ashisrai@deloitte.de> Stephan, Marie-Sophie <maristephan@deloitte.de>; sowestphal@deloitte.de; jtabellion@deloitte.de; mmaucher@deloitte.de
ikonakci@deloitte.de
maboehm@deloitte.de
nherrmann@deloitte.de
joeludwig@deloitte.de
anurshinde@deloitte.de
rabohl@deloitte.de; tchoe@deloitte.de; 
juharrer@deloitte.de
alvercheval@deloitte.de
mtekin@deloitte.de
ankitchaudhary@deloitte.de","DE - Frankfurt","Dietary restrictions?","If there is any thing else, please send us an email.","#;N/A#;Gluten#;Lactose#;Seafood#;Nuts","SAP All Hands 2026"
"T&T+ Christmas Get Together","Out dated","https://deudeloitte.sharepoint.com/sites/DOL-c-DE-B2Run/T&T Christmas Get Together","Reserved_ImageAttachment_[17]_[Event_x0020_image][32]_[d42a7a90b7c14c5eb0556392912f23ba][1]_[9].jpg","197","10,000","0","040000008200E00074C5B7101A82E008000000006C5DA6373126DC01000000000000000010000000F3C25DB613E3CF43AB3D01F9E81BDA44",,"12/11/2025 21:00","383","12/1/2025 00:00","Kessel, Melina;Wienkamp, Eva;Holz, Carina","Wienkamp, Eva",,"0",,"Other Deloitte Event","Düsseldorf","DE - Duesseldorf","12/3/2025 23:59",,"False","False",,,"Do you have a (hidden) talent which can enhance the get together? Please feel free to reach out to us. ",,,,,,,,,,,"T&T Christmas Get Together"
"DRV Teamevent","Out dated","https://deudeloitte.sharepoint.com/sites/DOL-c-DE-B2Run/DRV Teamevent","Reserved_ImageAttachment_[17]_[Event_x0020_image][32]_[4824a0be205845a1aa383a5b085bb12a][1]_[1].png","2","35","0","040000008200E00074C5B7101A82E0080000000082DC609C3239DC010000000000000000100000002B1D325203FBA448B443ADEF0A04B666","[""S (Female)"",""M (Female)"",""L (Female)"",""XL (Female)"",""XXL (Female)"",""S (Male)"",""M (Male)"",""L (Male)"",""XL (Male)"",""XXL (Male)""]","10/23/2025 18:00","390","10/16/2025 12:00","Schulz, Vivien;Foglietti, Carola","Schulz, Vivien",,"0",,"Other Deloitte Event","Frankfurt am Main","ALL","10/13/2025 12:00",,"False","True",,,,,,,,,,,,,,"Lasst uns gemeinsam in Frankfurt den Go Live feiern"
"Assistenz Meeting 2026","Out dated","https://deudeloitte.sharepoint.com/sites/DOL-c-DE-B2Run/TEST 2_Assistenz Meeting 2026","Reserved_ImageAttachment_[17]_[Event_x0020_image][32]_[a44e70c38647428fbbe606770a6a3489][1]_[1].jpeg","1","130","0","040000008200E00074C5B7101A82E00800000000C30A5756F152DC0100000000000000001000000021EE694B6CEB5E41B7E8D312BA069A0E",,"5/8/2026 15:00","394","4/8/2026 00:00","Maerzluft, Petra;Schwartz, Eva","Maerzluft, Petra",,"0",,"Other Deloitte Event","Frankfurt am Main","Fictive","2/28/2026 00:00",,"False","True",,,"Anreise - Uhrzeit ",,"#;Bahn#;PKW#;Ankunftsuhrzeit Office#;Reisekosten#;Passnummer#;Geburtsdatum","Reiseinformationen / Hotelinfos",,,"nabubeker@deloitte.de
bacimovic@deloitte.de
iadaikappan@deloitte.de
nainaagrawal@deloitte.de
caigner@deloitte.de
saigner@deloitte.de
oakimov@deloitte.de
makmese@deloitte.de
yal-douri@deloitte.de
analabushev@deloitte.de
ealabushev@deloitte.de
zalakbarli@deloitte.de
calkofer@deloitte.de
ialvian@deloitte.de
fannuszies@deloitte.de
oarms@deloitte.de
priyaarora@deloitte.de
siddarora@deloitte.de
tasaftei-stefanescu@deloitte.de
wasam@deloitte.de
aasbeck@deloitte.de
sascioglu@deloitte.de
hasefi@deloitte.de
sashray@deloitte.de
alasthana@deloitte.de
catzwanger@deloitte.de
natzwanger@deloitte.de
gaubert@deloitte.de
jbaetz@deloitte.de
bbahsas@deloitte.de
lbaier@deloitte.de
ibaierlein@deloitte.de
tbajer@deloitte.de
abajrami@deloitte.de
tballester@deloitte.de
abannon@deloitte.de
mazevedo@deloitte.de
sbasaran@deloitte.de
bebauer@deloitte.de
betbauer@deloitte.de
mabaumann@deloitte.de
abeetz@deloitte.de
nagbegum@deloitte.de
ibehrens@deloitte.de
tbeier@deloitte.de
jbendel@deloitte.de
obendig@deloitte.de
dbenet@deloitte.de
abenthien@deloitte.de
maberendt@deloitte.de
hberghaus@deloitte.de
mberinger@deloitte.de
lberszinski@deloitte.de
sibetz@deloitte.de
pbharathi@deloitte.de
rbiehl@deloitte.de
ebiela@deloitte.de
lbielmeier@deloitte.de
lbiermann@deloitte.de
sobinder@deloitte.de
kbiziuk@deloitte.de
ablenkers@deloitte.de
olblinova@deloitte.de
hblut@deloitte.de
cabock@deloitte.de
stbode@deloitte.de
gboechat@deloitte.de
pboecker@deloitte.de
sboegner@deloitte.de
nboelcke@deloitte.de
rboeslau@deloitte.de
mbolkart@deloitte.de
tbottke@deloitte.de
lbourcarde@deloitte.de
jbovermann@deloitte.de
abraeutigam@deloitte.de
abrari@deloitte.de
pbrauch@deloitte.de
jbrauchle@deloitte.de
lbredel@deloitte.de
pbremm@deloitte.de
tbreu@deloitte.de
vbriand@deloitte.de
bbringmann@deloitte.de
labrinkmann@deloitte.de
sbriques@deloitte.de
nbroedel@deloitte.de
mbruckmann@deloitte.de
kbrummer@deloitte.de
nbruns@deloitte.de
jbuchen@deloitte.de
obuechner@deloitte.de
maxbuehler@deloitte.de
sebuyukgungor@deloitte.de
kbujara@deloitte.de
hburckhardt@deloitte.de
aburkhardt@deloitte.de
vbusse@deloitte.de
rbutschbacher@deloitte.de
lbutzmann@deloitte.de
mcarioscio@deloitte.de
ancaroprese@deloitte.de
ecasny@deloitte.de
acatarino@deloitte.de
tacelik@deloitte.de
mcesitli@deloitte.de
fceviker@deloitte.de
prchandra@deloitte.de
rishchaudhary@deloitte.de
dichaudhuri@deloitte.de
jachinnam@deloitte.de
kchipungu@deloitte.de
lichmiel@deloitte.de
tchoe@deloitte.de
echouaib@deloitte.de
annechristiansen@deloitte.de
machuaynoo@deloitte.de
mcizevskij@deloitte.de
chconrad@deloitte.de
lcronester@deloitte.de
ccruceru@deloitte.de
adahlmann@deloitte.de
fdamm@deloitte.de
aldanylyszyn@deloitte.de
ldarazdi@deloitte.de
maydas@deloitte.de
sujdas@deloitte.de
nadecock@deloitte.de
adekker@deloitte.de
mdelvallebaracaldo@deloitte.de
ndellevedove@deloitte.de
ldemmer@deloitte.de
kderfler@deloitte.de
rdeulkar@deloitte.de
cdevaureix@deloitte.de
adevisetti@deloitte.de
pdevlin@deloitte.de
vdewenter@deloitte.de
ndickmann@deloitte.de
sdiewald@deloitte.de
adimitriadis@deloitte.de
kdimitrov@deloitte.de
pdistler@deloitte.de
mdjermester@deloitte.de
cdobner@deloitte.de
ldobraj@deloitte.de
adobrodeeva@deloitte.de
pdoehle@deloitte.de
fdoering@deloitte.de
wdoerr@deloitte.de
mdohrmann@deloitte.de
udomasheva@deloitte.de
ndopf@deloitte.de
valdraggeim@deloitte.de
jdrebinger@deloitte.de
adroege@deloitte.de
zhedu@deloitte.de
tdubinin@deloitte.de
dduclayan@deloitte.de
aduerrbeck@deloitte.de
aduesing@deloitte.de
rdukek@deloitte.de
ankitdutta@deloitte.de
feberhagen@deloitte.de
teberle@deloitte.de
aneckert@deloitte.de
beckert@deloitte.de
lyeckhard@deloitte.de
teder@deloitte.de
veder@deloitte.de
nedion@deloitte.de
maedl@deloitte.de
toege@deloitte.de
teggenberger@deloitte.de
kehrenleitner@deloitte.de
lehrhardt@deloitte.de
jehrmann@deloitte.de
sehrmann@deloitte.de
dehrnboeck@deloitte.de
ceickholt@deloitte.de
keiglmaier@deloitte.de
eeilert@deloitte.de
neis@deloitte.de
ceissner@deloitte.de
nelfara@deloitte.de
aelbanna@deloitte.de
gelbel@deloitte.de
melger@deloitte.de
asembarsampath@deloitte.de
asengel@deloitte.de
joenglert@deloitte.de
benguerel@deloitte.de
mennemoser@deloitte.de
berhard@deloitte.de
aermert@deloitte.de
siernst@deloitte.de
mertl@deloitte.de
benevans@deloitte.de
juexner@deloitte.de
mafaber@deloitte.de
mafahim@deloitte.de
kfahmy@deloitte.de
mfahmy@deloitte.de
tfahrner@deloitte.de
ifalkenhein@deloitte.de
jfeldmeier@deloitte.de
sferenczffy@deloitte.de
nferrier@deloitte.de
afersing@deloitte.de
dfersing@deloitte.de
mfett@deloitte.de
ffillibeck@deloitte.de
celfischer@deloitte.de
geofischer@deloitte.de
pfloren@deloitte.de
hflorig@deloitte.de
cfoglietti@deloitte.de
afolea@deloitte.de
eliforster@deloitte.de
mattfox@deloitte.de
manfrank@deloitte.de
sfrere@deloitte.de
tfreudenthal@deloitte.de
mfriebe@deloitte.de
sfriedel@deloitte.de
lfriedmann@deloitte.de
jfritzsche@deloitte.de
bfromm@deloitte.de
chrfuchs@deloitte.de
lefuchs@deloitte.de
mfuegl@deloitte.de
mifusseder@deloitte.de
jogaebler@deloitte.de
agallardosanchez@deloitte.de
sganeson@deloitte.de
xgao3@deloitte.de
jgardiner@deloitte.de
tgassmann@deloitte.de
sgebele@deloitte.de
argebhard@deloitte.de
tgehring@deloitte.de
agens@deloitte.de
hgerdey@deloitte.de
mgerencser@deloitte.de
frgerhardt@deloitte.de
cgerhold@deloitte.de
bgerlach@deloitte.de
tgerwald@deloitte.de
mghandour@deloitte.de
shantaghosh@deloitte.de
ggiannantonakis@deloitte.de
mgielens@deloitte.de
sogindina@deloitte.de
pgiricheva@deloitte.de
agjishti@deloitte.de
sglaeser@deloitte.de
cglas@deloitte.de
cglatzel@deloitte.de
liglatzel@deloitte.de
fgleich@deloitte.de
mgluch@deloitte.de
kgmelch@deloitte.de
igoebel@deloitte.de
ugoek@deloitte.de
karagoel@deloitte.de
kgoettlich@deloitte.de
sgoettlinger@deloitte.de
magoetz@deloitte.de
marcgoetz@deloitte.de
sgoldammer@deloitte.de
cgoldmann@deloitte.de
jgololicic@deloitte.de
fgomolka@deloitte.de
tgonnermann@deloitte.de
kgorban@deloitte.de
khusgoyal@deloitte.de
jgrabbe@deloitte.de
anngraf@deloitte.de
thgraf@deloitte.de
dgramueller@deloitte.de
cagros@deloitte.de
kgross@deloitte.de
mgrotz@deloitte.de
fgruber@deloitte.de
guguenes@deloitte.de
emguenther@deloitte.de
rguenther@deloitte.de
egundel@deloitte.de
garimagupta@deloitte.de
ahabibi@deloitte.de
thaelbig@deloitte.de
mhaemmerling@deloitte.de
ahaertl@deloitte.de
mihafner@deloitte.de
ahagmann@deloitte.de
lahahn@deloitte.de
shamdard@deloitte.de
mhammami@deloitte.de
thammerl@deloitte.de
chanschke@deloitte.de
juharrer@deloitte.de
aharting@deloitte.de
nhartmann@deloitte.de
phartmann@deloitte.de
jhaschkamp@deloitte.de
jhasenclever@deloitte.de
mahauptmann@deloitte.de
rhayduk@deloitte.de
tiheath@deloitte.de
sheege@deloitte.de
bheekeren@deloitte.de
cheeper@deloitte.de
ehefele@deloitte.de
theft@deloitte.de
jheisch@deloitte.de
mhellenkamp@deloitte.de
chendrich@deloitte.de
cohenn@deloitte.de
nikhenningsen@deloitte.de
phenzgen@deloitte.de
fhermann@deloitte.de
ahermann@deloitte.de
shermes@deloitte.de
shermstedt@deloitte.de
toherrmann@deloitte.de
jherveau@deloitte.de
nhettich@deloitte.de
nheuchemer@deloitte.de
ahewicker@deloitte.de
hhewicker@deloitte.de
rhey@deloitte.de
ehezer@deloitte.de
chieber@deloitte.de
shiebl@deloitte.de
chiller@deloitte.de
shillmeyer@deloitte.de
ahiltl@deloitte.de
bhinderer@deloitte.de
mhinteregger@deloitte.de
phirschler@deloitte.de
nhirtle@deloitte.de
vieho@deloitte.de
jhochholzer@deloitte.de
hphochradl@deloitte.de
phochrainer@deloitte.de
choegel@deloitte.de
shoeninger@deloitte.de
fahofmann@deloitte.de
ahohmann@deloitte.de
yholl@deloitte.de
oholley@deloitte.de
jholstein@deloitte.de
lholzner@deloitte.de
mholzner@deloitte.de
shomberg@deloitte.de
ahopfensitz@deloitte.de
lhornauer@deloitte.de
mhornung@deloitte.de
andrhuber@deloitte.de
andhuber@deloitte.de
anhuber@deloitte.de
lukhuber@deloitte.de
mahuber@deloitte.de
lhuettinger@deloitte.de
inhufnagel@deloitte.de
shujare@deloitte.de
chunseder@deloitte.de
dhunstein@deloitte.de
sthutter@deloitte.de
aibrahim5@deloitte.de
ciffland@deloitte.de
milnseher@deloitte.de
aimmler@deloitte.de
eismagulov@deloitte.de
moismail@deloitte.de
ajakobi@deloitte.de
sjanicher@deloitte.de
sjassnowski-mebus@deloitte.de
njecht@deloitte.de
ljersak@deloitte.de
jjerusalem@deloitte.de
jjohann@deloitte.de
cjostarndt@deloitte.de
weju@deloitte.de
tjunge@deloitte.de
akafexholli@deloitte.de
skahl@deloitte.de
dkaindl@deloitte.de
jkaintzyk@deloitte.de
kkaiser@deloitte.de
kkallenbach@deloitte.de
akalmikova@deloitte.de
vkalus@deloitte.de
pkamaraj@deloitte.de
rkamathe@deloitte.de
ikamenetskiy@deloitte.de
kackaminski@deloitte.de
mkammerer@deloitte.de
prkandpal@deloitte.de
lkanzleiter@deloitte.de
akarabegovic@deloitte.de
ankaraman@deloitte.de
gkaramolla@deloitte.de
mkarg@deloitte.de
tkarl@deloitte.de
ckarlshoefer@deloitte.de
lkarrer@deloitte.de
lkastalio@deloitte.de
vkatarsal@deloitte.de
jakaufmann@deloitte.de
mkaur2@deloitte.de
akayser@deloitte.de
olkazinova@deloitte.de
akeis@deloitte.de
kkelemen@deloitte.de
markkeller@deloitte.de
skempter@deloitte.de
lenkessel@deloitte.de
atkessler@deloitte.de
akhatkhate@deloitte.de
lkieffer@deloitte.de
dakiessling@deloitte.de
ckinder@deloitte.de
skinzel@deloitte.de
ckisker@deloitte.de
mklautke@deloitte.de
cklavers@deloitte.de
arklein@deloitte.de
raklemm@deloitte.de
kkliesch@deloitte.de
tklingspor@deloitte.de
nklumpp@deloitte.de
mkneib@deloitte.de
dknoll@deloitte.de
chkoch@deloitte.de
tkoch@deloitte.de
makoehler@deloitte.de
kokoenig@deloitte.de
lakoenig@deloitte.de
nkorogluturan@deloitte.de
mkofler@deloitte.de
bkohlbauer@deloitte.de
jkohlruss@deloitte.de
akoller@deloitte.de
skoratagerelakshmina@deloitte.de
akorte@deloitte.de
skovalev@deloitte.de
mkrake@deloitte.de
mkrale@deloitte.de
jkrampfl@deloitte.de
ckraus@deloitte.de
skraus@deloitte.de
akrauss@deloitte.de
skrebs@deloitte.de
bkresser@deloitte.de
skretschmer@deloitte.de
kkreuz@deloitte.de
vkriger@deloitte.de
qkroiss@deloitte.de
benkrueger@deloitte.de
nkrutsch@deloitte.de
lkueffer@deloitte.de
mkuempel@deloitte.de
lkuerschner@deloitte.de
alekuhn@deloitte.de
swkushwaha@deloitte.de
olgkuzmina@deloitte.de
plackerbauer@deloitte.de
slaffin@deloitte.de
klahav@deloitte.de
alamberty@deloitte.de
stlang@deloitte.de
tlange@deloitte.de
tolange@deloitte.de
llangendorf@deloitte.de
molangner@deloitte.de
tlappas@deloitte.de
ylautner@deloitte.de
rilawrence@deloitte.de
doale@deloitte.de
hsinlee@deloitte.de
sophilee@deloitte.de
lalehmann@deloitte.de
matlehmann@deloitte.de
sleicher@deloitte.de
sleipold@deloitte.de
jleirer@deloitte.de
clenz@deloitte.de
rleobacher@deloitte.de
sleuthaeusser@deloitte.de
plewkulitsch@deloitte.de
cleyk@deloitte.de
cllico@deloitte.de
fliebrich@deloitte.de
nliedl@deloitte.de
aliedtke@deloitte.de
alier@deloitte.de
klinde@deloitte.de
jlindt@deloitte.de
malink@deloitte.de
alipps@deloitte.de
zhixiliu@deloitte.de
mloeffler@deloitte.de
moloeffler@deloitte.de
mloos@deloitte.de
ilopatin@deloitte.de
alougandara@deloitte.de
julovakovic@deloitte.de
jluettich@deloitte.de
slugowski@deloitte.de
rmbarek@deloitte.de
fmack@deloitte.de
mmadiesh@deloitte.de
kamagenheimer@deloitte.de
smahlke@deloitte.de
cmaier@deloitte.de
rmaier@deloitte.de
romaier@deloitte.de
stmaier@deloitte.de
gamaini@deloitte.de
mmajewski@deloitte.de
gmalenstein@deloitte.de
amalesevic@deloitte.de
mmalinina@deloitte.de
rimaliqi@deloitte.de
jomalis@deloitte.de
amanojphilip@deloitte.de
antmanuel@deloitte.de
amardanov@deloitte.de
lemarkert@deloitte.de
lemarkhoff@deloitte.de
almarkou@deloitte.de
jmarold@deloitte.de
bemarquardt@deloitte.de
lmarschner@deloitte.de
hemartic@deloitte.de
larmartin@deloitte.de
mattmartin@deloitte.de
michaelmartin@deloitte.de
nimartini@deloitte.de
jumarx@deloitte.de
bmarzin@deloitte.de
smassonnet@deloitte.de
vmatheja@deloitte.de
smathur@deloitte.de
dmatkovic@deloitte.de
jmatthiesen@deloitte.de
pmaucher@deloitte.de
jomayer@deloitte.de
mmehdianpour@deloitte.de
ameiers@deloitte.de
elmelzer@deloitte.de
amerkel@deloitte.de
kmestrovic-dester@deloitte.de
fimeyer@deloitte.de
tomeyer@deloitte.de
amhadhbi@deloitte.de
almichel@deloitte.de
hanmichel@deloitte.de
maxmichels@deloitte.de
mmichl@deloitte.de
pmichot@deloitte.de
umielert@deloitte.de
fmihailowitsch@deloitte.de
almiles@deloitte.de
imilicevic@deloitte.de
aminth@deloitte.de
akankshyamishra@deloitte.de
smittra@deloitte.de
fmkdad@deloitte.de
svmoeller@deloitte.de
mamoellers@deloitte.de
amoker@deloitte.de
smoreirahellmeister@deloitte.de
vlmorenkov@deloitte.de
rmorgenweck@deloitte.de
lmosenthin@deloitte.de
smottaghian@deloitte.de
smozorodriguez@deloitte.de
ymuehlenweg@deloitte.de
stmuellenbach@deloitte.de
anmueller@deloitte.de
elmueller@deloitte.de
jesmueller@deloitte.de
nicmueller@deloitte.de
ramueller@deloitte.de
cmueminoglu@deloitte.de
jmuench@deloitte.de
hmueschenborn@deloitte.de
jmukaj@deloitte.de
snmuralidharan@deloitte.de
usmushtaq@deloitte.de
cemusial@deloitte.de
saamustafa@deloitte.de
ginapoli@deloitte.de
enendza@deloitte.de
lnerlinger@deloitte.de
lnermerich@deloitte.de
dneu@deloitte.de
lneuhauser@deloitte.de
cneumaier@deloitte.de
tneumeier@deloitte.de
cneumueller@deloitte.de
rnevesduarte@deloitte.de
bngamotchouamo@deloitte.de
annanguyen@deloitte.de
thiknguyen@deloitte.de
thikimnguyen@deloitte.de
jniedermair@deloitte.de
pnies@deloitte.de
adnigam@deloitte.de
unitz@deloitte.de
snlebedim@deloitte.de
fnocker@deloitte.de
ranowak@deloitte.de
inuccio@deloitte.de
pobenland@deloitte.de
loberdieck@deloitte.de
eobermair@deloitte.de
kobermeier@deloitte.de
maxobermeier@deloitte.de
moberscheid@deloitte.de
coege@deloitte.de
jolanrewaju@deloitte.de
eoliveiramachia@deloitte.de
dollram@deloitte.de
aotari@deloitte.de
moott@deloitte.de
apampus@deloitte.de
apandayalamoorkoth@deloitte.de
abparab@deloitte.de
ipari@deloitte.de
hae-park@deloitte.de
ipartalas@deloitte.de
kunapatil@deloitte.de
opatil@deloitte.de
tpavelka@deloitte.de
mpechar@deloitte.de
lpehl@deloitte.de
japeters@deloitte.de
fpetridi@deloitte.de
bpetrova@deloitte.de
apetrow@deloitte.de
cpetry@deloitte.de
rpetzold@deloitte.de
spfab@deloitte.de
fpfahler@deloitte.de
truphan@deloitte.de
tphilips@deloitte.de
bphoenix@deloitte.de
spianese@deloitte.de
mpiehl@deloitte.de
kpietukhova@deloitte.de
lpirrone@deloitte.de
mpiszczek@deloitte.de
mpiwowarczyk@deloitte.de
iploetner@deloitte.de
fploner@deloitte.de
rpoesse@deloitte.de
mpoetke@deloitte.de
apollich@deloitte.de
madpolonia@deloitte.de
ipopova@deloitte.de
mprammer@deloitte.de
ankprasad@deloitte.de
spreisler@deloitte.de
gprillwitz@deloitte.de
unprobst@deloitte.de
fprusseit@deloitte.de
vpuchner@deloitte.de
opuhachov@deloitte.de
dpurandare@deloitte.de
spurschke@deloitte.de
wanqu@deloitte.de
squinci@deloitte.de
cquoccao@deloitte.de
mradtke@deloitte.de
mrafaliarison@deloitte.de
craffelsberger@deloitte.de
erajnai@deloitte.de
urajpara@deloitte.de
mrang@deloitte.de
mranjbarnazari@deloitte.de
racrao@deloitte.de
jrasche@deloitte.de
irase@deloitte.de
pratzer@deloitte.de
krausch@deloitte.de
arazkova@deloitte.de
treese@deloitte.de
areichel@deloitte.de
treichvilser@deloitte.de
lirein@deloitte.de
trempe@deloitte.de
nirendenbach@deloitte.de
larensch@deloitte.de
srenukuntla@deloitte.de
dreschetnikow@deloitte.de
lrettenbacher@deloitte.de
frettenberger@deloitte.de
aribitza@deloitte.de
alrichter@deloitte.de
orichter@deloitte.de
priek@deloitte.de
anrist@deloitte.de
srobold@deloitte.de
lrode@deloitte.de
nrodionov@deloitte.de
jenrodrigues@deloitte.de
croehlen@deloitte.de
vroemmelmayer@deloitte.de
sthiex@deloitte.de
jroesel@deloitte.de
tiroettger@deloitte.de
wrogan@deloitte.de
grohleder@deloitte.de
cronoh@deloitte.de
mrosebrock@deloitte.de
drossa@deloitte.de
marcroth@deloitte.de
srottenegger@deloitte.de
erotter@deloitte.de
vrubach@deloitte.de
mrupp@deloitte.de
bsahindal@deloitte.de
nsahl@deloitte.de
msailer@deloitte.de
alsaleem@deloitte.de
gsalih@deloitte.de
rusalputra@deloitte.de
asamsonyuk@deloitte.de
csanchezbarrera@deloitte.de
msandlein@deloitte.de
ssanhieter@deloitte.de
dsansivieri@deloitte.de
bsantillana@deloitte.de
psauer@deloitte.de
svsauer@deloitte.de
dsauka@deloitte.de
ksauter@deloitte.de
tschaaf@deloitte.de
cschaefer@deloitte.de
emschaefer@deloitte.de
maschaefer@deloitte.de
wschaefer@deloitte.de
nschaeffer@deloitte.de
aschaeufele@deloitte.de
mschamberger@deloitte.de
fscharpf@deloitte.de
hschauss@deloitte.de
mscheid@deloitte.de
dscheler@deloitte.de
tscherpf@deloitte.de
mscheuerl@deloitte.de
tschiele@deloitte.de
jschirm@deloitte.de
aschirpke-theel@deloitte.de
dschlindwein@deloitte.de
bschlueter@deloitte.de
sschmaeling@deloitte.de
mschmahl@deloitte.de
jschmideder@deloitte.de
domischmidt@deloitte.de
moschmidt@deloitte.de
mschmidthuysen@deloitte.de
mschmohl@deloitte.de
pschmueser@deloitte.de
sschnaus@deloitte.de
cschneeweiss@deloitte.de
chrischneider@deloitte.de
elschneider@deloitte.de
rschober@deloitte.de
gschollerer@deloitte.de
mischolz@deloitte.de
fschramm@deloitte.de
kschreiber@deloitte.de
moschroeder@deloitte.de
lischubert@deloitte.de
nischubert@deloitte.de
cschuckert@deloitte.de
mschuderer@deloitte.de
aschueler@deloitte.de
tschuleit@deloitte.de
beschulz@deloitte.de
fschulze-neuhoff@deloitte.de
tschuster@deloitte.de
bschwab@deloitte.de
hschwanke@deloitte.de
eschwartz@deloitte.de
jschwarz@deloitte.de
mschweig@deloitte.de
mschwertl@deloitte.de
isecerbegovic@deloitte.de
aseidel@deloitte.de
thseidel@deloitte.de
raseiler@deloitte.de
nseither@deloitte.de
mserena@deloitte.de
sseubert@deloitte.de
sshankarnarayan@deloitte.de
ysharapov@deloitte.de
rsharma20@deloitte.de
ssharma98@deloitte.de
ssharma4@deloitte.de
nshishkina@deloitte.de
mshokati@deloitte.de
lshui@deloitte.de
ssicco@deloitte.de
esichwart@deloitte.de
lsiebrecht@deloitte.de
ksiedentop@deloitte.de
sasil@deloitte.de
bsimon@deloitte.de
nicsimon@deloitte.de
sunilksingh@deloitte.de
ansinha@deloitte.de
ksinnwell@deloitte.de
rsinreich@deloitte.de
dsirtl@deloitte.de
mslivovsky@deloitte.de
lasommer@deloitte.de
ssonalker@deloitte.de
hsoskic@deloitte.de
mspaegele@deloitte.de
lsparrer@deloitte.de
espeer@deloitte.de
mspitzbart@deloitte.de
uspreng@deloitte.de
sstaudacher@deloitte.de
mstaudt@deloitte.de
fsteckenbiller@deloitte.de
jstehr@deloitte.de
msteigenberger@deloitte.de
asteinacker@deloitte.de
hsteinbrecher@deloitte.de
csteiner@deloitte.de
esteinhagen@deloitte.de
ssteinheber@deloitte.de
ssteinmetz@deloitte.de
maristephan@deloitte.de
astoffel@deloitte.de
mstraubinger@deloitte.de
vstrobelvargas@deloitte.de
sistrobl@deloitte.de
mstulle@deloitte.de
msuess@deloitte.de
rsumper@deloitte.de
rsuryawanshi@deloitte.de
tsusewind@deloitte.de
msutariya@deloitte.de
dsuttner@deloitte.de
hiswarnkar@deloitte.de
vtaffner@deloitte.de
ctargan@deloitte.de
ltasler@deloitte.de
lteglassy@deloitte.de
gonteixeira@deloitte.de
iteuber@deloitte.de
bhothakkar@deloitte.de
pthaler@deloitte.de
sthanhaeuser@deloitte.de
mathiri@deloitte.de
bjthomas@deloitte.de
calebthompson@deloitte.de
pthorwirth@deloitte.de
mthurl@deloitte.de
otodkar@deloitte.de
mtoews@deloitte.de
drtohanean@deloitte.de
zutomasova@deloitte.de
ctopuz@deloitte.de
otravesi@deloitte.de
atreinov@deloitte.de
mtriki@deloitte.de
atrinkl@deloitte.de
atroebs@deloitte.de
ktrojette@deloitte.de
juitsai@deloitte.de
duturhan@deloitte.de
luturski@deloitte.de
fufert@deloitte.de
zukbaeva@deloitte.de
nulbrich@deloitte.de
phulrich@deloitte.de
munterhofer@deloitte.de
murlbauer@deloitte.de
svalegaonkar@deloitte.de
juvanoss@deloitte.de
lvanputten@deloitte.de
avedharethinam@deloitte.de
matveit@deloitte.de
deevelivela@deloitte.de
samhvenkatesh@deloitte.de
mveramerz@deloitte.de
tvinogradova@deloitte.de
zvishnyakova@deloitte.de
avoelkl@deloitte.de
dvogt@deloitte.de
stvolk@deloitte.de
svollmer@deloitte.de
advolpe@deloitte.de
lvonmitschke@deloitte.de
lnida@deloitte.de
cpawel@deloitte.de
cplettenberglaing@deloitte.de
evonsoosten@deloitte.de
mvonspreti@deloitte.de
mvossler@deloitte.de
luvrbecka@deloitte.de
bavreeburg@deloitte.de
fwach@deloitte.de
fwacker@deloitte.de
jwagner@deloitte.de
maiwagner@deloitte.de
siwagner@deloitte.de
uwagner@deloitte.de
mwaldstaedt@deloitte.de
lwallner@deloitte.de
dawalter@deloitte.de
sawalter@deloitte.de
dawalther@deloitte.de
bingwang@deloitte.de
congwang@deloitte.de
swastl@deloitte.de
lisaweber@deloitte.de
nawegner@deloitte.de
rweichelt@deloitte.de
lweikl@deloitte.de
conweiss@deloitte.de
fweitze@deloitte.de
pwendland@deloitte.de
ewendrich@deloitte.de
lweniger@deloitte.de
kwerner@deloitte.de
twerner@deloitte.de
nwessling@deloitte.de
nwesterkamp@deloitte.de
hweuste@deloitte.de
mwiesenauer@deloitte.de
fwillemsen@deloitte.de
kwiller@deloitte.de
cwinkler@deloitte.de
fawinter@deloitte.de
hewinter@deloitte.de
bwitsch@deloitte.de
cwittemann@deloitte.de
awittig@deloitte.de
swochner@deloitte.de
mwoelflein@deloitte.de
awoerl@deloitte.de
mwoerner@deloitte.de
awohlfahrt@deloitte.de
awollinger@deloitte.de
yuhwu@deloitte.de
fwunner@deloitte.de
twurdack@deloitte.de
cwutzler@deloitte.de
xxiong@deloitte.de
yicxu@deloitte.de
kayarramreddy@deloitte.de
aliyilmaz@deloitte.de
yinyu@deloitte.de
wzacherl@deloitte.de
szahaf@deloitte.de
kzapilko@deloitte.de
gzechbauer@deloitte.de
dzehe@deloitte.de
jzeilmeir@deloitte.de
szeilmeir@deloitte.de
pzerrahn@deloitte.de
mandzheng@deloitte.de
xzhou1@deloitte.de
yuanhzhou@deloitte.de
mingzhu@deloitte.de
tzierlein@deloitte.de
czierz@deloitte.de
sozimmermann@deloitte.de
dzurnedden@deloitte.de
mzwick@deloitte.de
nzwirtz@deloitte.de
",,,,,"Assistenz Meeting Mai 2026"
"T&T Christmas Get-Together Munich","Out dated","https://deudeloitte.sharepoint.com/sites/DOL-c-DE-B2Run/Test T&T Christmas Get-Together Munich","Reserved_ImageAttachment_[17]_[Event_x0020_image][32]_[140093b4abdb4722813f46448c1a9f37][1]_[1].png","81","80","0","040000008200E00074C5B7101A82E0080000000031A5D2D69458DC0100000000000000001000000066128E4635084E498D4F8733072AA55C",,"12/11/2025 19:00","395","12/10/2025 00:00","Schwartz, Eva;Kallenbach, Katharina","Schwartz, Eva",,"0",,"Other Deloitte Event","Atlas","DE - Muenchen","12/10/2025 00:00",,"False","False",,,,,,,,,"nabubeker@deloitte.de;bacimovic@deloitte.de;iadaikappan@deloitte.de;nainaagrawal@deloitte.de;caigner@deloitte.de;saigner@deloitte.de;oakimov@deloitte.DE;makmese@deloitte.de;yal-douri@deloitte.de;analabushev@deloitte.de;ealabushev@deloitte.de;zalakbarli@deloitte.de;calkofer@deloitte.de;ialvian@deloitte.de;fannuszies@deloitte.de;oarms@deloitte.de;priyaarora@deloitte.de;siddarora@deloitte.de;tasaftei-stefanescu@deloitte.de;wasam@deloitte.de;aasbeck@deloitte.de;sascioglu@deloitte.de;hasefi@deloitte.de;sashray@deloitte.de;alasthana@deloitte.de;catzwanger@deloitte.de;natzwanger@deloitte.de;gaubert@deloitte.de;jbaetz@deloitte.de;bbahsas@deloitte.de;lbaier@deloitte.de;ibaierlein@deloitte.de;tbajer@deloitte.de;abajrami@deloitte.de;tballester@deloitte.de;abannon@deloitte.de;mazevedo@deloitte.de;sbasaran@deloitte.de;bebauer@deloitte.de;betbauer@deloitte.de;MaBaumann@deloitte.de;abeetz@deloitte.de;nagbegum@deloitte.de;ibehrens@deloitte.de;tbeier@deloitte.de;jbendel@deloitte.de;obendig@deloitte.de;dbenet@deloitte.de;ABENTHIEN@deloitte.de;maberendt@deloitte.de;hberghaus@deloitte.de;mberinger@deloitte.de;lberszinski@deloitte.de;sibetz@deloitte.de;pbharathi@deloitte.de;rbiehl@deloitte.de;ebiela@deloitte.de;lbielmeier@deloitte.de;lbiermann@deloitte.de;sobinder@deloitte.de;kbiziuk@deloitte.de;ablenkers@deloitte.de;olblinova@deloitte.de;hblut@deloitte.de;cabock@deloitte.de;stbode@deloitte.de;gboechat@deloitte.de;pboecker@deloitte.de;sboegner@deloitte.de;nboelcke@deloitte.de;rboeslau@deloitte.de;mbolkart@deloitte.de;TBottke@deloitte.de;lbourcarde@deloitte.de;jbovermann@deloitte.de;abraeutigam@deloitte.de;abrari@deloitte.de;pbrauch@deloitte.de;jbrauchle@deloitte.de;lbredel@deloitte.de;pbremm@deloitte.de;tbreu@deloitte.de;vbriand@deloitte.de;bbringmann@deloitte.de;labrinkmann@deloitte.de;sbriques@deloitte.de;nbroedel@deloitte.de;mbruckmann@deloitte.de;kbrummer@deloitte.de;nbruns@deloitte.de;jbuchen@deloitte.de;obuechner@deloitte.de;maxbuehler@deloitte.de;sebuyukgungor@deloitte.de;kbujara@deloitte.de;hburckhardt@DELOITTE.DE;aburkhardt@deloitte.de;vbusse@deloitte.de;rbutschbacher@deloitte.de;lbutzmann@deloitte.de;mcarioscio@deloitte.de;ancaroprese@deloitte.de;ecasny@deloitte.de;acatarino@deloitte.de;tacelik@deloitte.de;mcesitli@deloitte.de;fceviker@deloitte.de;prchandra@deloitte.de;rishchaudhary@deloitte.de;dichaudhuri@deloitte.de;jachinnam@deloitte.de;kchipungu@deloitte.de;lichmiel@deloitte.de;tchoe@deloitte.de;echouaib@deloitte.de;annechristiansen@deloitte.de;machuaynoo@deloitte.de;mcizevskij@deloitte.de;chconrad@deloitte.de;lcronester@deloitte.de;CCruceru@deloitte.de;adahlmann@deloitte.de;fdamm@deloitte.de;aldanylyszyn@deloitte.de;ldarazdi@deloitte.de;maydas@deloitte.de;sujdas@deloitte.de;nadecock@deloitte.de;adekker@deloitte.de;mdelvallebaracaldo@deloitte.de;ndellevedove@deloitte.de;ldemmer@deloitte.de;kderfler@DELOITTE.DE;rdeulkar@deloitte.de;cdevaureix@deloitte.de;adevisetti@deloitte.de;pdevlin@deloitte.de;vdewenter@deloitte.de;ndickmann@deloitte.de;sdiewald@deloitte.de;adimitriadis@deloitte.de;kdimitrov@deloitte.de;pdistler@deloitte.de;mdjermester@deloitte.de;cdobner@deloitte.de;ldobraj@deloitte.de;adobrodeeva@deloitte.de;PDoehle@deloitte.de;fdoering@deloitte.de;wdoerr@deloitte.de;MDohrmann@deloitte.de;udomasheva@deloitte.de;ndopf@deloitte.de;valdraggeim@deloitte.de;jdrebinger@deloitte.de;adroege@deloitte.de;zhedu@deloitte.de;tdubinin@deloitte.de;dduclayan@deloitte.de;aduerrbeck@deloitte.de;aduesing@deloitte.de;rdukek@deloitte.de;ankitdutta@deloitte.de;feberhagen@deloitte.de;teberle@deloitte.de;aneckert@deloitte.de;beckert@deloitte.de;lyeckhard@deloitte.de;teder@deloitte.de;veder@deloitte.de;nedion@deloitte.de;maedl@deloitte.de;toege@deloitte.de;teggenberger@deloitte.de;kehrenleitner@deloitte.de;lehrhardt@deloitte.de;jehrmann@deloitte.de;sehrmann@deloitte.de;dehrnboeck@deloitte.de;ceickholt@deloitte.de;keiglmaier@deloitte.de;eeilert@deloitte.de;neis@deloitte.de;CEissner@deloitte.de;nelfara@deloitte.de;aelbanna@deloitte.de;gelbel@deloitte.de;melger@deloitte.de;asembarsampath@deloitte.de;asengel@deloitte.de;joenglert@deloitte.de;benguerel@deloitte.de;mennemoser@deloitte.de;berhard@deloitte.de;aermert@deloitte.de;siernst@deloitte.de;mertl@deloitte.de;benevans@deloitte.de;juexner@deloitte.de;mafaber@deloitte.de;mafahim@deloitte.de;kfahmy@deloitte.de;mfahmy@deloitte.de;tfahrner@deloitte.de;ifalkenhein@deloitte.de;jfeldmeier@deloitte.de;sferenczffy@deloitte.de;nferrier@deloitte.de;afersing@deloitte.de;dfersing@deloitte.de;mfett@deloitte.de;ffillibeck@deloitte.de;celfischer@deloitte.de;geofischer@deloitte.de;pfloren@deloitte.de;hflorig@deloitte.de;cfoglietti@deloitte.de;afolea@deloitte.de;eliforster@deloitte.de;mattfox@deloitte.de;manfrank@deloitte.de;sfrere@deloitte.de;tfreudenthal@deloitte.de;mfriebe@deloitte.de;sfriedel@deloitte.de;lfriedmann@deloitte.de;jfritzsche@deloitte.de;bfromm@deloitte.de;chrfuchs@deloitte.de;lefuchs@deloitte.de;mfuegl@deloitte.de;mifusseder@deloitte.de;jogaebler@deloitte.de;agallardosanchez@deloitte.de;sganeson@deloitte.de;xgao3@deloitte.de;jgardiner@deloitte.de;tgassmann@deloitte.de;sgebele@deloitte.de;argebhard@deloitte.de;tgehring@deloitte.de;agens@deloitte.de;hgerdey@deloitte.de;mgerencser@deloitte.de;frgerhardt@deloitte.de;cgerhold@deloitte.de;bgerlach@deloitte.de;tgerwald@deloitte.de;mghandour@deloitte.de;shantaghosh@deloitte.de;ggiannantonakis@deloitte.de;mgielens@deloitte.de;sogindina@deloitte.de;pgiricheva@deloitte.de;agjishti@deloitte.de;sglaeser@deloitte.de;cglas@deloitte.de;cglatzel@deloitte.de;liglatzel@deloitte.de;fgleich@deloitte.de;mgluch@deloitte.de;kgmelch@deloitte.de;igoebel@deloitte.de;ugoek@deloitte.de;karagoel@deloitte.de;kgoettlich@deloitte.de;sgoettlinger@deloitte.de;magoetz@deloitte.de;marcgoetz@deloitte.de;sgoldammer@deloitte.de;cgoldmann@deloitte.de;jgololicic@deloitte.de;fgomolka@deloitte.de;tgonnermann@deloitte.de;kgorban@deloitte.de;khusgoyal@deloitte.de;jgrabbe@deloitte.de;anngraf@deloitte.de;thgraf@deloitte.de;dgramueller@deloitte.de;cagros@deloitte.de;kgross@deloitte.de;mgrotz@deloitte.de;fgruber@deloitte.de;guguenes@deloitte.de;emguenther@deloitte.de;rguenther@deloitte.de;egundel@deloitte.de;garimagupta@deloitte.de;ahabibi@deloitte.de;thaelbig@deloitte.de;mhaemmerling@deloitte.de;ahaertl@deloitte.de;mihafner@deloitte.de;ahagmann@deloitte.de;lahahn@deloitte.de;shamdard@deloitte.de;mhammami@deloitte.de;thammerl@deloitte.de;chanschke@deloitte.de;juharrer@deloitte.de;AHarting@deloitte.de;nhartmann@deloitte.de;phartmann@deloitte.de;jhaschkamp@deloitte.de;jhasenclever@deloitte.de;MaHauptmann@deloitte.de;rhayduk@deloitte.de;tiheath@deloitte.de;sheege@deloitte.de;bheekeren@deloitte.de;cheeper@deloitte.de;ehefele@deloitte.de;theft@deloitte.de;jheisch@deloitte.de;mhellenkamp@deloitte.de;chendrich@deloitte.de;cohenn@deloitte.de;nikhenningsen@deloitte.de;phenzgen@deloitte.de;fhermann@deloitte.de;ahermann@deloitte.de;shermes@deloitte.de;shermstedt@deloitte.de;toherrmann@deloitte.de;jherveau@deloitte.de;nhettich@deloitte.de;nheuchemer@deloitte.de;ahewicker@deloitte.de;hhewicker@deloitte.de;rhey@deloitte.de;ehezer@deloitte.de;chieber@deloitte.de;shiebl@deloitte.de;chiller@deloitte.de;shillmeyer@deloitte.de;ahiltl@deloitte.de;bhinderer@deloitte.de;mhinteregger@deloitte.de;phirschler@deloitte.de;nhirtle@deloitte.de;vieho@deloitte.de;jhochholzer@deloitte.de;hphochradl@DELOITTE.DE;phochrainer@deloitte.de;choegel@deloitte.de;shoeninger@deloitte.de;fahofmann@deloitte.de;ahohmann@deloitte.de;yholl@deloitte.de;oholley@deloitte.de;jholstein@deloitte.de;lholzner@deloitte.de;mholzner@deloitte.de;shomberg@deloitte.de;ahopfensitz@deloitte.de;lhornauer@deloitte.DE;mhornung@deloitte.de;andrhuber@deloitte.de;andhuber@deloitte.de;anhuber@deloitte.de;lukhuber@deloitte.de;mahuber@deloitte.de;lhuettinger@deloitte.de;inhufnagel@deloitte.de;shujare@deloitte.de;chunseder@deloitte.de;dhunstein@deloitte.de;sthutter@deloitte.de;aibrahim5@deloitte.de;ciffland@deloitte.de;milnseher@deloitte.de;aimmler@deloitte.de;eismagulov@deloitte.de;moismail@deloitte.de;ajakobi@deloitte.de;sjanicher@deloitte.de;sjassnowski-mebus@deloitte.de;njecht@deloitte.de;ljersak@deloitte.de;jjerusalem@deloitte.de;jjohann@deloitte.de;cjostarndt@deloitte.de;weju@deloitte.de;tjunge@deloitte.de;akafexholli@deloitte.de;skahl@deloitte.de;dkaindl@deloitte.de;jkaintzyk@deloitte.de;kkaiser@deloitte.de;kkallenbach@deloitte.de;akalmikova@deloitte.de;vkalus@deloitte.de;pkamaraj@deloitte.de;rkamathe@deloitte.de;ikamenetskiy@deloitte.de;kackaminski@deloitte.de;mkammerer@deloitte.de;prkandpal@deloitte.de;lkanzleiter@deloitte.de;akarabegovic@deloitte.de;ankaraman@deloitte.de;gkaramolla@deloitte.de;mkarg@deloitte.de;tkarl@deloitte.de;ckarlshoefer@deloitte.de;lkarrer@deloitte.de;lkastalio@deloitte.de;vkatarsal@deloitte.de;jakaufmann@deloitte.de;mkaur2@deloitte.de;akayser@deloitte.de;olkazinova@deloitte.de;akeis@deloitte.de;kkelemen@deloitte.de;markkeller@deloitte.de;skempter@deloitte.de;lenkessel@deloitte.de;atkessler@deloitte.de;akhatkhate@deloitte.de;lkieffer@deloitte.de;dakiessling@deloitte.de;ckinder@deloitte.de;skinzel@deloitte.de;ckisker@deloitte.de;mklautke@deloitte.de;cklavers@deloitte.de;arklein@deloitte.de;raklemm@deloitte.de;kkliesch@deloitte.de;tklingspor@DELOITTE.DE;nklumpp@deloitte.de;mkneib@deloitte.de;dknoll@deloitte.de;chkoch@deloitte.de;tkoch@deloitte.de;makoehler@deloitte.de;kokoenig@deloitte.de;lakoenig@deloitte.de;nkorogluturan@deloitte.de;mkofler@deloitte.de;bkohlbauer@deloitte.de;jkohlruss@deloitte.de;akoller@deloitte.de;skoratagerelakshmina@deloitte.de;akorte@deloitte.de;skovalev@deloitte.de;mkrake@deloitte.de;mkrale@deloitte.de;jkrampfl@deloitte.de;ckraus@deloitte.de;skraus@deloitte.de;akrauss@deloitte.de;skrebs@DELOITTE.DE;bkresser@deloitte.de;skretschmer@deloitte.de;kkreuz@deloitte.de;vkriger@deloitte.de;qkroiss@deloitte.de;benkrueger@deloitte.de;nkrutsch@deloitte.de;lkueffer@deloitte.de;mkuempel@deloitte.de;lkuerschner@deloitte.de;alekuhn@deloitte.de;swkushwaha@deloitte.de;olgkuzmina@deloitte.de;plackerbauer@deloitte.de;slaffin@deloitte.de;klahav@deloitte.de;alamberty@deloitte.de;stlang@deloitte.de;tlange@deloitte.de;tolange@deloitte.de;llangendorf@deloitte.de;molangner@deloitte.de;tlappas@deloitte.de;ylautner@deloitte.de;rilawrence@deloitte.de;doale@deloitte.de;hsinlee@deloitte.de;sophilee@deloitte.de;lalehmann@deloitte.de;matlehmann@deloitte.de;sleicher@deloitte.de;sleipold@deloitte.de;jleirer@deloitte.de;clenz@deloitte.de;rleobacher@deloitte.de;sleuthaeusser@deloitte.de;plewkulitsch@deloitte.de;cleyk@deloitte.de;cllico@deloitte.de;fliebrich@deloitte.de;nliedl@deloitte.de;aliedtke@deloitte.de;alier@deloitte.de;klinde@deloitte.de;jlindt@deloitte.de;malink@deloitte.de;alipps@deloitte.de;zhixiliu@deloitte.de;mloeffler@deloitte.de;moloeffler@deloitte.de;mloos@deloitte.de;ilopatin@deloitte.de;alougandara@deloitte.de;julovakovic@deloitte.de;jluettich@deloitte.de;slugowski@deloitte.de;rmbarek@deloitte.de;fmack@deloitte.de;mmadiesh@deloitte.de;kamagenheimer@deloitte.de;smahlke@deloitte.de;cmaier@deloitte.de;rmaier@deloitte.de;romaier@deloitte.de;stmaier@deloitte.de;gamaini@deloitte.de;mmajewski@deloitte.de;gmalenstein@deloitte.de;amalesevic@deloitte.de;mmalinina@deloitte.de;rimaliqi@deloitte.de;jomalis@deloitte.de;amanojphilip@deloitte.de;antmanuel@deloitte.de;amardanov@deloitte.de;lemarkert@deloitte.de;lemarkhoff@deloitte.de;almarkou@deloitte.de;jmarold@deloitte.de;bemarquardt@deloitte.de;lmarschner@deloitte.de;hemartic@deloitte.de;larmartin@deloitte.de;MattMartin@deloitte.de;michaelmartin@deloitte.de;nimartini@deloitte.de;jumarx@deloitte.de;bmarzin@deloitte.de;smassonnet@deloitte.de;vmatheja@deloitte.de;smathur@deloitte.de;dmatkovic@deloitte.de;jmatthiesen@deloitte.de;pmaucher@deloitte.de;jomayer@deloitte.de;mmehdianpour@deloitte.de;ameiers@deloitte.de;elmelzer@deloitte.de;amerkel@deloitte.de;kmestrovic-dester@deloitte.de;fimeyer@deloitte.de;ToMeyer@deloitte.de;amhadhbi@deloitte.de;almichel@deloitte.de;hanmichel@deloitte.de;maxmichels@deloitte.de;mmichl@deloitte.de;pmichot@deloitte.de;umielert@deloitte.de;fmihailowitsch@deloitte.de;almiles@deloitte.de;imilicevic@deloitte.de;aminth@deloitte.de;akankshyamishra@deloitte.de;smittra@deloitte.de;fmkdad@deloitte.de;svmoeller@deloitte.de;mamoellers@deloitte.de;amoker@deloitte.de;smoreirahellmeister@deloitte.de;vlmorenkov@deloitte.de;rmorgenweck@deloitte.de;lmosenthin@deloitte.de;smottaghian@deloitte.de;smozorodriguez@deloitte.de;ymuehlenweg@deloitte.de;stmuellenbach@deloitte.de;anmueller@deloitte.de;elmueller@deloitte.de;jesmueller@deloitte.de;nicmueller@deloitte.de;ramueller@deloitte.de;cmueminoglu@deloitte.de;jmuench@deloitte.de;hmueschenborn@deloitte.de;jmukaj@deloitte.de;snmuralidharan@deloitte.de;usmushtaq@deloitte.de;cemusial@deloitte.de;saamustafa@deloitte.de;ginapoli@deloitte.de;enendza@deloitte.de;lnerlinger@deloitte.de;lnermerich@deloitte.de;dneu@deloitte.de;lneuhauser@deloitte.de;cneumaier@deloitte.de;tneumeier@deloitte.de;cneumueller@deloitte.de;rnevesduarte@deloitte.de;bngamotchouamo@deloitte.de;annanguyen@deloitte.de;thiknguyen@deloitte.de;thikimnguyen@deloitte.de;jniedermair@deloitte.de;pnies@deloitte.de;adnigam@deloitte.de;unitz@deloitte.de;snlebedim@deloitte.de;fnocker@deloitte.de;ranowak@deloitte.de;inuccio@deloitte.de;pobenland@deloitte.de;loberdieck@deloitte.de;eobermair@deloitte.de;kobermeier@deloitte.de;maxobermeier@deloitte.de;moberscheid@deloitte.de;coege@deloitte.de;jolanrewaju@deloitte.de;eoliveiramachia@deloitte.de;dollram@deloitte.de;aotari@deloitte.de;moott@deloitte.de;apampus@deloitte.de;apandayalamoorkoth@deloitte.de;abparab@deloitte.de;ipari@deloitte.de;hae-park@deloitte.de;ipartalas@deloitte.de;kunapatil@deloitte.de;opatil@deloitte.de;tpavelka@deloitte.de;mpechar@deloitte.de;lpehl@deloitte.de;japeters@deloitte.de;fpetridi@deloitte.de;bpetrova@deloitte.de;apetrow@deloitte.de;cpetry@deloitte.de;rpetzold@deloitte.de;spfab@deloitte.de;fpfahler@deloitte.de;truphan@deloitte.de;tphilips@deloitte.de;bphoenix@deloitte.de;spianese@deloitte.de;mpiehl@deloitte.de;kpietukhova@deloitte.de;lpirrone@deloitte.de;mpiszczek@deloitte.de;mpiwowarczyk@deloitte.de;iploetner@deloitte.de;fploner@deloitte.de;rpoesse@deloitte.de;mpoetke@deloitte.de;apollich@deloitte.de;madpolonia@deloitte.de;ipopova@deloitte.de;mprammer@deloitte.de;ankprasad@deloitte.de;spreisler@deloitte.de;gprillwitz@deloitte.de;unprobst@deloitte.de;fprusseit@deloitte.de;vpuchner@deloitte.de;opuhachov@deloitte.de;dpurandare@deloitte.de;spurschke@deloitte.de;wanqu@deloitte.de;squinci@deloitte.de;cquoccao@deloitte.de;mradtke@deloitte.de;mrafaliarison@deloitte.de;craffelsberger@deloitte.de;erajnai@deloitte.de;urajpara@deloitte.de;mrang@deloitte.de;mranjbarnazari@deloitte.de;racrao@deloitte.de;jrasche@deloitte.de;irase@deloitte.de;pratzer@DELOITTE.DE;krausch@deloitte.de;ARazkova@deloitte.de;treese@deloitte.de;areichel@deloitte.de;treichvilser@deloitte.de;lirein@deloitte.de;trempe@deloitte.de;nirendenbach@deloitte.de;larensch@deloitte.de;srenukuntla@deloitte.de;dreschetnikow@deloitte.de;lrettenbacher@deloitte.de;frettenberger@deloitte.de;aribitza@deloitte.de;alrichter@deloitte.de;orichter@deloitte.de;priek@deloitte.de;anrist@deloitte.de;srobold@deloitte.de;lrode@deloitte.de;nrodionov@deloitte.de;jenrodrigues@deloitte.de;croehlen@deloitte.de;vroemmelmayer@deloitte.de;sthiex@deloitte.de;jroesel@deloitte.de;tiroettger@deloitte.de;wrogan@deloitte.de;grohleder@deloitte.de;cronoh@deloitte.de;mrosebrock@deloitte.de;drossa@deloitte.de;marcroth@deloitte.de;srottenegger@deloitte.de;erotter@deloitte.de;vrubach@deloitte.de;mrupp@deloitte.de;bsahindal@deloitte.de;nsahl@DELOITTE.DE;msailer@deloitte.de;alsaleem@deloitte.de;gsalih@deloitte.de;rusalputra@deloitte.de;asamsonyuk@deloitte.de;csanchezbarrera@deloitte.de;msandlein@deloitte.de;ssanhieter@deloitte.de;dsansivieri@deloitte.de;bsantillana@deloitte.de;psauer@deloitte.de;svsauer@deloitte.de;dsauka@deloitte.de;ksauter@deloitte.de;tschaaf@deloitte.de;cschaefer@deloitte.de;emschaefer@deloitte.de;maschaefer@deloitte.de;wschaefer@deloitte.de;nschaeffer@deloitte.de;aschaeufele@deloitte.de;mschamberger@deloitte.de;fscharpf@deloitte.de;hschauss@deloitte.de;mscheid@deloitte.de;dscheler@deloitte.de;tscherpf@deloitte.de;mscheuerl@deloitte.de;tschiele@deloitte.de;jschirm@deloitte.de;aschirpke-theel@deloitte.de;dschlindwein@deloitte.de;bschlueter@deloitte.de;sschmaeling@deloitte.de;mschmahl@deloitte.de;jschmideder@deloitte.de;domischmidt@deloitte.de;moschmidt@deloitte.de;MSchmidthuysen@deloitte.de;mschmohl@deloitte.de;pschmueser@deloitte.de;sschnaus@deloitte.de;cschneeweiss@deloitte.de;chrischneider@deloitte.de;elschneider@deloitte.de;rschober@deloitte.de;gschollerer@deloitte.de;mischolz@deloitte.de;fschramm@deloitte.de;kschreiber@deloitte.de;moschroeder@deloitte.de;lischubert@deloitte.de;nischubert@deloitte.de;cschuckert@deloitte.de;mschuderer@deloitte.de;aschueler@deloitte.de;tschuleit@deloitte.de;beschulz@deloitte.de;fschulze-neuhoff@deloitte.de;tschuster@deloitte.de;bschwab@deloitte.de;hschwanke@deloitte.de;eschwartz@deloitte.de;jschwarz@deloitte.de;mschweig@deloitte.de;mschwertl@deloitte.de;isecerbegovic@deloitte.de;aseidel@deloitte.de;thseidel@deloitte.de;raseiler@deloitte.de;nseither@deloitte.de;mserena@deloitte.de;sseubert@deloitte.de;sshankarnarayan@deloitte.de;ysharapov@deloitte.de;rsharma20@deloitte.de;ssharma98@deloitte.de;ssharma4@deloitte.de;nshishkina@deloitte.de;mshokati@deloitte.de;lshui@deloitte.de;ssicco@deloitte.de;esichwart@deloitte.de;lsiebrecht@deloitte.de;ksiedentop@deloitte.de;sasil@deloitte.de;bsimon@deloitte.de;nicsimon@deloitte.de;sunilksingh@deloitte.de;ansinha@deloitte.de;ksinnwell@deloitte.de;rsinreich@deloitte.de;dsirtl@deloitte.de;mslivovsky@deloitte.de;lasommer@deloitte.de;ssonalker@deloitte.de;hsoskic@deloitte.de;mspaegele@deloitte.de;lsparrer@deloitte.de;espeer@deloitte.de;mspitzbart@deloitte.de;uspreng@deloitte.de;sstaudacher@deloitte.de;mstaudt@deloitte.de;fsteckenbiller@deloitte.de;jstehr@deloitte.de;msteigenberger@deloitte.de;asteinacker@deloitte.de;hsteinbrecher@deloitte.de;csteiner@deloitte.de;esteinhagen@deloitte.de;ssteinheber@deloitte.de;ssteinmetz@deloitte.de;maristephan@deloitte.de;AStoffel@deloitte.de;mstraubinger@deloitte.de;vstrobelvargas@deloitte.de;sistrobl@deloitte.de;mstulle@deloitte.de;msuess@deloitte.de;rsumper@deloitte.de;rsuryawanshi@deloitte.de;tsusewind@deloitte.de;msutariya@deloitte.de;dsuttner@deloitte.de;hiswarnkar@deloitte.de;vtaffner@deloitte.de;CTargan@deloitte.de;ltasler@deloitte.de;lteglassy@deloitte.de;gonteixeira@deloitte.de;iteuber@deloitte.de;bhothakkar@deloitte.de;pthaler@deloitte.de;sthanhaeuser@deloitte.de;mathiri@deloitte.de;bjthomas@deloitte.de;calebthompson@deloitte.de;pthorwirth@deloitte.de;mthurl@deloitte.de;otodkar@deloitte.de;mtoews@deloitte.de;drtohanean@deloitte.de;zutomasova@deloitte.de;ctopuz@deloitte.de;otravesi@deloitte.de;atreinov@deloitte.de;mtriki@deloitte.de;atrinkl@deloitte.de;atroebs@deloitte.de;ktrojette@deloitte.de;juitsai@deloitte.de;duturhan@deloitte.de;luturski@deloitte.de;fufert@deloitte.de;zukbaeva@deloitte.de;nulbrich@deloitte.de;phulrich@deloitte.de;munterhofer@deloitte.de;murlbauer@deloitte.de;svalegaonkar@deloitte.de;juvanoss@deloitte.de;lvanputten@deloitte.de;avedharethinam@deloitte.de;matveit@deloitte.de;deevelivela@deloitte.de;samhvenkatesh@deloitte.de;MVeraMerz@deloitte.de;tvinogradova@deloitte.de;zvishnyakova@deloitte.de;avoelkl@deloitte.de;dvogt@deloitte.de;stvolk@deloitte.de;svollmer@deloitte.de;advolpe@deloitte.de;lvonmitschke@deloitte.de;lnida@deloitte.de;cpawel@deloitte.de;cplettenberglaing@deloitte.de;evonsoosten@deloitte.de;mvonspreti@deloitte.de;mvossler@deloitte.de;luvrbecka@deloitte.de;BaVreeburg@deloitte.de;fwach@deloitte.de;fwacker@deloitte.de;jwagner@deloitte.de;maiwagner@deloitte.de;siwagner@deloitte.de;uwagner@deloitte.de;mwaldstaedt@deloitte.de;lwallner@deloitte.de;dawalter@deloitte.de;sawalter@deloitte.de;dawalther@deloitte.de;bingwang@deloitte.de;congwang@deloitte.de;swastl@deloitte.de;lisaweber@deloitte.de;nawegner@deloitte.de;rweichelt@deloitte.de;lweikl@deloitte.de;conweiss@deloitte.de;fweitze@deloitte.de;pwendland@deloitte.de;ewendrich@deloitte.de;lweniger@deloitte.de;kwerner@deloitte.de;twerner@deloitte.de;nwessling@deloitte.de;nwesterkamp@deloitte.de;hweuste@deloitte.de;mwiesenauer@deloitte.de;fwillemsen@deloitte.de;kwiller@deloitte.de;cwinkler@deloitte.de;fawinter@deloitte.de;hewinter@deloitte.de;bwitsch@deloitte.de;cwittemann@deloitte.de;awittig@deloitte.de;swochner@deloitte.de;mwoelflein@deloitte.de;awoerl@deloitte.de;mwoerner@deloitte.de;awohlfahrt@deloitte.de;awollinger@deloitte.de;yuhwu@deloitte.de;fwunner@deloitte.de;twurdack@deloitte.de;cwutzler@deloitte.de;xxiong@deloitte.de;yicxu@deloitte.de;kayarramreddy@deloitte.de;aliyilmaz@deloitte.de;yinyu@deloitte.de;wzacherl@deloitte.de;szahaf@deloitte.de;kzapilko@deloitte.de;gzechbauer@deloitte.de;dzehe@deloitte.de;jzeilmeir@deloitte.de;szeilmeir@deloitte.de;pzerrahn@deloitte.de;mandzheng@deloitte.de;xzhou1@deloitte.de;yuanhzhou@deloitte.de;mingzhu@deloitte.de;tzierlein@deloitte.de;czierz@deloitte.de;sozimmermann@deloitte.de;dzurnedden@deloitte.de;mzwick@deloitte.de;nzwirtz@deloitte.de",,,,,"T&T Christmas Get-Together Munich
November 11
5.00 PM"
"Assistenz Meeting 2026","Active","https://deudeloitte.sharepoint.com/sites/DOL-c-DE-B2Run/Test 3 Assistenz Meeting 2026","Reserved_ImageAttachment_[17]_[Event_x0020_image][32]_[f2d8df93c2d341c28ee537b72c94f654][1]_[1].png","95","130","0","040000008200E00074C5B7101A82E008000000004716716B6359DC0100000000000000001000000086488DC30967314A8695B29925D8C947",,"5/8/2026 15:00","397","4/9/2026 00:00","Maerzluft, Petra;Schwartz, Eva","Schwartz, Eva",,"0",,"Other Deloitte Event","Frankfurt am Main","ALL","4/1/2026 00:00",,"False","True",,,"Please insert the total amount of your travel expenses!",,"#;Train#;Car#;Public Transport","You will travel with?",,,,,"Do you own a Deutschlandticket?",,"#;Yes#;No","Assistenz Meeting 2026"
"Testi McTestface","Active","https://deudeloitte.sharepoint.com/sites/DOL-c-DE-B2Run/Testi McTestface","Reserved_ImageAttachment_[17]_[Event_x0020_image][32]_[896bc43658dc4737869be415c1d60b44][1]_[1].jpeg","1","100","0","040000008200E00074C5B7101A82E00800000000909A6CE2C770DC010000000000000000100000001707A11B70174C49A3BB2ADD5E4EFFCA",,"6/16/2026 23:00","410","6/12/2026 00:00","Schaffland, Nadine","Schaffland, Nadine",,"0",,"Other Deloitte Event","Testdorf",,"5/31/2026 00:00",,"False","True",,,,,,,,,";jsteinhagen@deloitte.de;nschaffland@deloitte.de",,,,,"Lorem ipsum dolor sit amet, consetetur sadipscing elitr, sed diam nonumy eirmod tempor invidunt ut labore et dolore magna aliquyam erat, sed diam voluptua. At vero eos et accusam et justo duo dolores et ea rebum. Stet clita kasd gubergren, no sea takimata sanctus est Lorem ipsum dolor sit amet. Lorem ipsum dolor sit amet, consetetur sadipscing elitr, sed diam nonumy eirmod tempor invidunt ut labore et dolore magna aliquyam erat, sed diam voluptua. At vero eos et accusam et justo duo dolores et ea rebum. Stet clita kasd gubergren, no sea takimata sanctus est Lorem ipsum dolor sit amet."
